Date,AAPL,JNJ,JPM,MSFT,SPY,TSLA,XOM
1/2/2020,72.33387756,121.9369812,117.8992081,151.8295593,296.1253052,28.68400002,52.9470253
1/3/2020,71.63062286,120.5252075,116.3433609,149.9389801,293.8830261,29.5340004,52.52136612
1/6/2020,72.20140076,120.3748474,116.2508469,150.3265839,295.0041199,30.10266685,52.92463303
1/7/2020,71.86183167,121.1099396,114.2745209,148.9559479,294.1746216,31.27066612,52.49150085
1/8/2020,73.01781464,121.093277,115.1659851,151.3285522,295.7424927,32.8093338,51.69991684
1/9/2020,74.56879425,121.4524231,115.5864716,153.219101,297.7478333,32.08933258,52.09569931
1/10/2020,74.73734283,121.1767578,114.434288,152.5101471,296.8909912,31.87666702,51.63269424
1/13/2020,76.33409119,121.7114029,115.3846512,154.3439636,298.9327698,34.99066544,52.12557602
1/14/2020,75.30331421,122.3964233,116.7302246,153.2569122,298.4769592,35.86133194,51.67749786
1/15/2020,74.98060608,122.8057175,114.9809494,154.2494202,299.1515808,34.56666565,51.59535599
1/16/2020,75.91984558,123.7998123,115.4266586,157.0757751,301.6399841,34.23266602,51.39372635
1/17/2020,76.76037598,124.6101303,116.2256088,157.954895,302.5788269,34.03333282,51.19955826
1/21/2020,76.24018097,124.6936417,115.0818863,157.3877411,301.9863281,36.47999954,50.46770096
1/22/2020,76.51230621,123.8415985,114.9472885,156.6315308,302.0227661,37.97066879,50.1764679
1/23/2020,76.88079071,124.0754852,114.8295441,157.5957031,302.3692322,38.14666748,49.86280823
1/24/2020,76.65921021,123.9000473,111.9785767,156.0076447,299.6802063,37.6546669,49.52676392
1/27/2020,74.40500641,124.2592316,111.0366821,153.3986969,294.8764648,37.20133209,48.34683228
1/28/2020,76.5098877,124.8857651,113.0550385,156.4046631,297.9666138,37.79333115,48.27962875
1/29/2020,78.11142731,125.7545166,112.8868561,158.8434296,297.720459,38.73266602,47.87636566
1/30/2020,77.99825287,125.6041718,114.2829285,163.3240051,298.6867065,42.72066879,48.38417435
1/31/2020,74.53987885,124.3594971,111.3141937,160.91362,293.2631531,43.37133408,46.3902626
2/3/2020,74.33519745,125.4454727,112.1636124,164.8364868,295.4415894,52,45.3522377
2/4/2020,76.78927612,126.6400375,113.7782974,170.2623444,299.9445496,59.13733292,44.7846756
2/5/2020,77.41542053,128.6365204,115.7126236,170.0543976,303.4083557,48.97999954,46.84580612
2/6/2020,78.32096863,128.252243,115.7294388,173.5802612,304.4292908,49.93066788,46.21103668
2/7/2020,77.25637817,126.8822632,115.3593903,173.826004,302.8066711,49.87133408,45.90485001
2/10/2020,77.62329102,126.8571854,115.838768,178.3727875,305.0673218,51.41866684,45.42005157
2/11/2020,77.15498352,126.9658203,116.0574417,174.3459625,305.5959778,51.62533188,45.85182571
2/12/2020,78.98722076,126.2139816,116.0574417,174.60112,307.5648499,51.152668,46.41238403
2/13/2020,78.42477417,125.3786316,115.9565048,173.6558838,307.2367554,53.59999847,46.15483093
2/14/2020,78.44406891,125.4120789,115.6032715,175.2061157,307.7288513,53.33533478,45.94272995
2/18/2020,77.00770569,124.5850296,114.0726776,176.9832153,306.9359741,57.2266655,45.35944748
2/19/2020,78.12298584,124.4179764,115.6285248,177.5140381,308.4034729,61.16133118,45.70789719
2/20/2020,77.3215332,123.9418106,115.6285248,174.8031311,307.1364746,59.96066666,45.34429932
2/21/2020,75.57137299,125.2449875,114.2156372,169.2771454,303.9735107,60.06666565,44.7913208
2/24/2020,71.98168945,122.6640854,111.1459885,161.9786987,293.8920593,55.58599854,42.69302368
2/25/2020,69.54353333,121.6047897,106.1841278,159.3057709,284.9864502,53.32733154,41.05681992
2/26/2020,70.64671326,120.78936,106.5037003,161.2962494,283.9382629,51.91999817,40.15537643
2/27/2020,66.02868652,116.9558411,102.0716705,149.9314728,271.1860657,45.26666641,37.73893738
2/28/2020,65.99006653,113.0550537,97.64802551,153.5617523,270.0467529,44.53266525,38.96609879
3/2/2020,72.1337738,117.7124481,102.1977997,163.7796326,281.7414856,49.57466888,40.81440735
3/3/2020,69.84285736,113.9882202,98.362854,155.931366,273.6745605,49.70066833,38.86005402
3/4/2020,73.08248901,120.6212158,100.7933426,161.6564636,285.177887,49.96666718,39.70845795
3/5/2020,70.71191406,119.3854065,95.84828949,157.5996246,275.6981201,48.30266571,37.95862198
3/6/2020,69.77285767,119.4022064,90.89483643,153.1447144,271.1405334,46.89866638,36.12545013
3/9/2020,64.2543869,114.7028046,78.5826416,142.7657166,249.9659729,40.53333282,31.70920181
3/10/2020,68.88208771,119.0743103,84.68827057,152.5286102,262.9005127,43.02199936,32.88332367
3/11/2020,66.48976898,110.8020325,80.70195007,145.6187592,250.0844421,42.2820015,31.8000927
3/12/2020,59.92358017,105.4300842,74.04968262,131.8084869,226.1570587,37.36999893,28.16406441
3/13/2020,67.10292816,112.8953094,87.38788605,150.5475616,245.4903259,36.44133377,28.87612152
3/16/2020,58.47034836,106.8760376,74.31037903,128.3583679,218.6279144,29.67133331,26.12637711
3/17/2020,61.04128647,114.8289185,78.85176849,138.9269409,230.4320984,28.68000031,27.88379288
3/18/2020,59.54699707,113.4585876,70.5511322,133.078598,218.7646179,24.08133316,25.08858871
3/19/2020,59.0907402,106.8087769,71.73694611,135.268219,219.229538,28.50933266,26.08092499
3/20/2020,55.33934021,100.7894974,70.22317505,130.1876831,209.7819977,28.50200081,24.80074501
3/23/2020,54.16371536,93.43350983,66.46391296,128.8891602,204.4182281,28.95266724,23.82356071
3/24/2020,59.5976944,100.1926117,74.3692627,140.604599,222.939209,33.66666794,26.84599876
3/25/2020,59.26939011,100.3775558,77.14454651,139.258667,226.2766571,35.95000076,28.24739647
3/26/2020,62.38832474,106.4052658,82.51850128,147.9694366,239.4888916,35.21066666,29.4063797
3/27/2020,59.80530548,103.5385284,76.63995361,141.8936768,232.3555908,34.29066849,27.98983765
3/30/2020,61.51202011,111.819252,78.63310242,151.874588,239.9014587,33.47533417,28.40645409
3/31/2020,61.38648987,110.2387619,75.71484375,149.4859772,236.3256226,34.93333435,28.76249695
4/1/2020,58.15652084,108.2883759,70.94642639,144.1780396,225.6898041,32.10400009,28.42918968
4/2/2020,59.12695313,111.9369354,73.59555054,147.1637421,230.8977509,30.29800034,30.60323334
4/3/2020,58.27721024,112.7944641,71.42021942,145.8083496,227.5602722,32.00066757,29.70179939
4/6/2020,63.36117172,117.4938736,76.01728821,156.6517944,242.8446655,34.41600037,30.65625763
4/7/2020,62.62731171,115.5771103,77.01996613,154.9645844,243.0922241,36.36333466,31.23954773
4/8/2020,64.23022461,120.4362564,80.13001251,156.5190277,251.2525024,36.58933258,33.21662903
4/9/2020,64.69371796,118.72966,87.31876373,156.5285339,255.0758209,38.20000076,32.6712265
4/13/2020,65.96351624,117.5022888,83.43548584,156.8792419,252.7469482,43.39666748,32.39094543
4/14/2020,69.29488373,122.7649536,81.14968872,164.6421661,260.2012024,47.32600021,32.14097595
4/15/2020,68.66241455,124.1352463,77.14743042,162.9171295,254.6724091,48.65533447,30.66383553
4/16/2020,69.20796204,125.8250275,74.20735931,167.8079987,255.9010925,49.68066788,29.65635109
4/17/2020,68.26890564,127.8006516,80.87776947,169.2866669,262.8143616,50.25933456,32.73939896
4/20/2020,66.85186768,127.5063934,77.92919922,165.9312744,258.1840515,49.75733185,31.19408607
4/21/2020,64.7854538,125.8334732,75.66889191,159.0688171,250.3446503,45.78133392,31.02744293
4/22/2020,66.65148926,128.6161346,75.91530609,164.4716187,255.9010925,48.8073349,31.91372299
4/23/2020,66.39321136,130.7346039,75.95780182,162.4810181,255.8826904,47.04199982,32.91362
4/24/2020,68.30995178,130.1881866,77.07945251,165.4478607,259.4493408,48.3433342,33.12571716
4/27/2020,68.35822296,129.7089691,80.40193939,164.9739227,263.1902466,53.25,33.2848053
4/28/2020,67.25019836,127.2710266,80.97123718,160.9550629,261.9799805,51.27466583,34.06503296
4/29/2020,69.45904541,126.3042145,83.15505981,168.1776886,268.8382874,53.36733246,35.95123291
4/30/2020,70.92434692,126.1360779,81.37063599,169.8648529,266.335144,52.12533188,35.20129776
5/1/2020,69.78250885,124.664917,79.23778534,165.4668121,259.2843018,46.75466537,32.6788063
5/4/2020,70.76986694,124.6480942,78.29456329,169.5141296,259.9994812,50.74599838,33.99687195
5/5/2020,71.83203888,125.6821213,78.17560577,171.3340149,262.4017334,51.2140007,33.95898438
5/6/2020,72.57315063,124.4883652,76.70555115,173.0211792,260.6229553,52.17200089,33.32268143
5/7/2020,73.3239212,124.0764008,77.50432587,174.0259399,263.7678528,52.00266647,33.51205444
5/8/2020,75.06913757,125.0095749,78.77041626,175.0496216,268.1321716,54.62799835,34.98161697
5/11/2020,76.25035858,125.3542709,76.45066071,177.0021515,268.1872253,54.08599854,34.6483078
5/12/2020,75.37897491,123.6980972,73.95243073,172.9927826,262.8418274,53.96066666,34.06917191
5/13/2020,74.46882629,123.6896973,71.40322113,170.3767242,258.1931458,52.73066711,32.37806702
5/14/2020,74.92631531,124.1184616,74.36880493,171.1160126,261.2831116,53.55533218,32.66378403
5/15/2020,74.4833374,126.4724121,72.99223328,173.6088715,262.4842834,53.27799988,32.43213272
5/18/2020,76.23828125,126.5396271,76.85848999,175.2675934,270.4794006,54.24200058,35.01124573
5/19/2020,75.79772949,125.2785645,75.3460083,174.0543671,267.7012634,53.86733246,33.93017197
5/20/2020,77.27185822,124.1520462,77.60629272,176.4686279,272.2489929,54.3706665,35.03442001
5/21/2020,76.69573975,123.3366318,76.62059021,174.3490295,270.3693848,55.17333221,34.40893173
5/22/2020,77.18955994,122.2107697,76.02578735,174.4250488,270.882843,54.45866776,34.43981171
5/26/2020,76.66670227,122.3716125,81.4216156,172.5811005,274.2202454,54.59133148,35.45138931
5/27/2020,77.00073242,122.6509247,86.13764954,172.8092041,278.300354,54.68199921,35.70622253
5/28/2020,77.03463745,124.4116516,84.85454559,172.4195099,277.7869568,53.72066879,34.77960205
5/29/2020,76.95959473,125.918457,82.68771362,174.1779327,279.0247803,55.66666794,35.11162949
6/1/2020,77.90603638,124.597908,83.78386688,173.7787018,280.1524963,59.87333298,35.73711014
6/2/2020,78.26669312,125.4952469,84.06426239,175.7557373,282.4721375,58.77066803,36.5324707
6/3/2020,78.69756317,125.8338394,88.60186005,176.1834564,286.2313843,58.86399841,38.02279282
6/4/2020,78.01979828,124.2085114,90.44578552,173.8642883,285.4794617,57.62533188,37.91469193
6/5/2020,80.24189758,124.6910858,94.51602936,177.9324036,292.7962341,59.04399872,40.98802948
6/8/2020,80.71632385,124.2424088,96.40242004,179.0348969,296.3353882,63.32799911,42.26986694
6/9/2020,83.2651825,123.5567322,93.92969513,180.403656,294.1256409,62.71133423,41.32779312
6/10/2020,85.40737915,125.1142426,90.12289429,187.0951538,292.4845276,68.33666992,39.11158752
6/11/2020,81.30693817,119.247963,82.60274506,177.0484161,275.6230774,64.85600281,35.65988922
6/12/2020,82.0089035,120.3314743,84.86301422,178.4456635,278.9238892,62.35200119,36.42436218
6/15/2020,83.02312469,119.5696411,86.03564453,179.5862427,281.5278625,66.05999756,36.40119553
6/16/2020,85.22342682,122.2869492,86.72394562,183.98703,286.9466858,65.47533417,37.21972275
6/17/2020,85.10481262,121.9144974,84.53163147,184.6238556,285.7546082,66.11933136,36.00738144
6/18/2020,85.13871765,121.3981171,84.07277679,186.6009064,285.8646545,66.93066406,36.2313118
6/19/2020,84.65218353,121.7536392,83.11257172,185.4887695,284.2310181,66.72666931,35.50545883
6/22/2020,86.86698151,121.3811951,82.21186829,190.6404877,286.0543823,66.28800201,35.84521866
6/23/2020,88.721138,120.9325409,83.21453094,191.9141846,287.3712463,66.78533173,36.06142426
6/24/2020,87.15504456,118.359108,80.43591309,188.0456238,280.040802,64.05666351,34.36259842
6/25/2020,88.31208038,118.2321625,83.24000549,190.421875,283.0429382,65.73200226,34.87996674
6/26/2020,85.59860229,116.6576309,78.67697144,186.6104126,276.3203125,63.98266602,33.68308258
6/29/2020,87.57137299,117.6988373,79.02535248,188.6159515,280.3815002,67.29000092,34.22360611
6/30/2020,88.30237579,119.0448074,79.9260788,193.434906,283.973114,71.98733521,34.53248596
7/1/2020,88.13537598,118.8331909,79.24629211,194.56604,285.9622803,74.64199829,33.75257111
7/2/2020,88.13537598,119.3326035,79.503685,196.0487671,287.5370178,80.57733154,34.0382843
7/6/2020,90.49301147,121.0341034,81.51144409,200.2689819,291.9757385,91.4386673,34.27766418
7/7/2020,90.21220398,120.9240646,79.21195984,197.9402924,288.9644775,92.65733337,33.38964844
7/8/2020,92.31325531,121.2795868,80.05281067,202.2935638,291.1745605,91.05867004,33.31242371
7/9/2020,92.71024323,120.619339,78.31963348,203.7097321,289.5169983,92.95200348,31.93792343
7/10/2020,92.87242126,120.5177383,82.60110474,203.0919495,292.4730835,102.9766693,32.9340477
7/13/2020,92.44396973,122.9218216,83.78518677,196.8187103,289.9405823,99.80400085,32.94176483
7/14/2020,93.9737854,125.2158737,84.26567841,198.0352936,293.6979065,101.1200027,34.03056335
7/15/2020,94.62007141,125.5036697,85.56986237,197.7406921,296.3962097,103.0673294,34.46298981
7/16/2020,93.4557724,126.3417206,85.810112,193.8246765,295.4199829,100.0426636,34.19272232
7/17/2020,93.26696014,126.4263763,84.22277832,192.8361206,296.2765198,100.0559998,33.60585022
7/20/2020,95.23247528,126.6380157,83.48490143,201.1244507,298.6708374,109.5333328,32.81821442
7/21/2020,93.91810608,126.756546,85.29528046,198.4155426,299.3063049,104.5573349,34.47843933
7/22/2020,94.18193817,126.9850845,84.67752075,201.2669983,301.0100098,106.1553345,33.67534637
7/23/2020,89.89510345,126.646492,84.92634583,192.5129547,297.418457,100.8713303,33.74485779
7/24/2020,89.67241669,125.3851776,84.32574463,191.3343658,295.5029602,94.46666718,33.53636169
7/27/2020,91.79767609,124.5894852,83.14165497,193.7581024,297.6579285,102.6399994,34.03056335
7/28/2020,90.28968811,124.2931671,83.50203705,192.0186768,295.77005,98.43267059,33.62901688
7/29/2020,92.02036285,124.0476913,85.52696228,193.9577026,299.4075928,99.9406662,33.99967575
7/30/2020,93.13383484,124.3016434,83.24465179,193.805603,298.3392944,99.16600037,32.33173752
7/31/2020,102.8839188,123.3874207,82.91858673,194.860672,300.6968689,95.38400269,32.49389267
8/3/2020,105.476326,124.7333527,82.4552536,205.8198395,302.787384,99,32.62517166
8/4/2020,106.1807098,124.6233444,81.9833374,202.7307892,303.9570007,99.1333313,33.5672493
8/5/2020,106.5655823,125.6222076,83.40766144,202.3980865,305.8447876,99.00133514,33.86067581
8/6/2020,110.2835693,124.9026566,83.4333725,205.639267,307.8891602,99.305336,33.69851685
8/7/2020,107.7761917,125.7915115,85.26954651,201.9608154,308.1102905,96.84733582,33.5440712
8/10/2020,109.3427048,125.3089676,86.35063934,197.9402924,309.0312195,94.57133484,34.37032318
8/11/2020,106.0908585,124.4116516,89.07913208,193.3113708,306.4801636,91.62599945,34.72554016
8/12/2020,109.6167145,126.6888123,88.32408142,198.8337097,310.7532959,103.6506653,34.71767044
8/13/2020,111.5566711,125.2836075,87.8350296,198.3680267,310.1914978,108.0666656,33.86723709
8/14/2020,111.4572372,125.486763,87.86932373,198.5580597,310.2007141,110.0473328,34.01685333
8/17/2020,111.1662674,126.1216125,85.55269623,199.8697968,311.1860046,122.3759995,33.57588577
8/18/2020,112.0925827,127.0528107,84.36006165,201.0198975,311.8583679,125.8059998,33.41053391
8/19/2020,112.233223,127.3067627,84.55740356,199.800293,310.5598755,125.2353363,33.04044342
8/20/2020,114.7236328,128.1786346,83.54493713,204.4499359,311.5267944,133.4553375,32.53649139
8/21/2020,120.6356125,129.3129578,83.50203705,202.9635925,312.6318665,136.665329,32.29237747
8/24/2020,122.0784607,129.6538239,85.85299683,203.6018982,315.7999268,134.2799988,33.24517059
8/25/2020,121.0769653,129.5771637,86.23051453,206.2506866,316.9049683,134.889328,32.19002914
8/26/2020,122.7235107,129.7816467,85.02072144,210.7097778,320.0821838,143.5446625,31.5049572
8/27/2020,121.2564087,130.361145,87.81785583,215.8834381,320.7820129,149.25,31.29235458
8/28/2020,121.0599823,130.9235229,88.17823029,218.1033936,322.8540344,147.5599976,32.04040527
8/31/2020,125.1653748,130.7275696,85.9645462,214.8829803,321.6845093,166.1066742,31.44984627
9/1/2020,130.1510315,129.1170197,85.92163086,216.5408478,324.7142639,158.3500061,31.04825783
9/2/2020,127.4545059,131.0854034,87.21726227,220.7140503,329.4110413,149.1233368,30.8592701
9/3/2020,117.250412,127.4382477,86.94268036,207.0414886,318.0745239,135.6666718,30.79627228
9/4/2020,117.3280106,126.6201935,88.82172394,204.1355286,315.4776001,139.4400024,30.77265739
9/8/2020,109.4324265,125.4868698,85.73287964,193.0926361,306.8578796,110.0699997,30.06397057
9/9/2020,113.7972946,127.5660858,86.54798889,201.3152313,312.91745,122.0933304,29.88285828
9/10/2020,110.0823135,125.1885986,85.65567017,195.6746979,307.4840393,123.7799988,29.13480568
9/11/2020,108.6370544,125.9299545,86.71959686,194.397995,307.640564,124.2399979,29.05606079
9/14/2020,111.8961334,126.4157028,87.92082214,195.7128143,311.6925964,139.8733368,28.86707878
9/15/2020,112.0707626,126.8758774,85.18375397,198.9237061,313.267395,149.9199982,28.55997849
9/16/2020,108.7631378,126.4582977,85.54411316,195.3698273,312.0241089,147.2533264,29.77262878
9/17/2020,107.0268707,125.410141,84.56595612,193.3308563,309.2797241,141.1433258,29.76474571
9/18/2020,103.6319885,127.1229401,84.38579559,190.9298096,305.7191772,147.3833313,29.28441429
9/21/2020,106.7747116,123.6462097,81.77741241,192.9783173,302.3165894,149.7966614,28.68597031
9/22/2020,108.4527588,122.8877869,80.88507843,197.6279449,305.3956299,141.4100037,27.97728729
9/23/2020,103.9035797,123.0838013,79.57234192,191.1203918,298.3131104,126.7866669,27.07962418
9/24/2020,104.9705429,123.279808,79.503685,193.597641,299.1082764,129.2633362,27.02449799
9/25/2020,108.908638,124.1234283,80.1986618,198.0090637,303.9439392,135.7799988,27.276474
9/28/2020,111.5081635,125.3590469,82.50674438,199.552597,308.9922485,140.3999939,27.80405617
9/29/2020,110.664299,125.316452,81.81172943,197.4754944,307.3095093,139.6900024,26.99300385
9/30/2020,112.3326492,126.8673477,82.60110474,200.4005585,309.6394653,143.0033264,27.03238106
10/1/2020,113.283226,125.5379791,83.20174408,202.4300079,311.6273193,149.386673,26.08745956
10/2/2020,109.6264114,124.6176758,83.99111938,196.4560089,308.6686707,138.363327,25.96934891
10/5/2020,113.0019226,126.3134079,85.76639557,200.4482422,314.1422424,141.8933258,26.56779099
10/6/2020,109.7622223,124.6347122,84.88306427,196.1892242,309.6764526,137.9933319,26.29219437
10/7/2020,111.6245575,126.0151749,86.36387634,199.9242096,315.0668335,141.7666626,26.37881088
10/8/2020,111.517868,126.8758774,88.13912964,200.6387329,317.8591919,141.9733276,27.76467514
10/9/2020,113.4578323,128.6483154,87.63685608,205.6218414,320.6976624,144.6666718,27.3552227
10/12/2020,120.6647186,129.389679,88.71068573,210.9479523,325.856842,147.4333344,27.26860237
10/13/2020,117.4637909,126.4242096,87.27317047,212.339035,323.7304382,148.8833313,26.945755
10/14/2020,117.5511093,126.2026825,86.78822327,210.4334259,321.696228,153.7666626,26.89063454
10/15/2020,117.0855103,125.4271622,88.08717346,209.2901154,321.2987366,149.6266632,27.12687111
10/16/2020,115.4462357,126.2026825,87.90532684,209.2901154,321.1045532,146.5566711,26.85126495
10/19/2020,112.4975433,122.981575,86.42450714,204.1069031,316.2226563,143.6100006,26.31581306
10/20/2020,113.9816055,123.177536,86.91811371,204.5166321,317.4893188,140.6466675,26.53629303
10/21/2020,113.3608475,122.6492081,86.05213928,204.6595306,316.8883057,140.8800049,26.11108208
10/22/2020,112.274437,123.6292343,89.09172058,204.7452698,318.6265869,141.9299927,27.44970894
10/23/2020,111.5857697,123.765564,89.89707947,206.0220032,319.7084656,140.2100067,26.89850807
10/26/2020,111.5954819,122.6833191,87.67151642,200.1623688,313.8002319,140.093338,26.26069641
10/27/2020,113.0989304,121.9845352,86.01750183,203.1826935,312.7183228,141.5599976,25.84335327
10/28/2020,107.8610535,117.9027634,83.6014328,193.1117249,302.0299988,135.3399963,24.85907173
10/29/2020,111.8573608,116.9057693,84.14698792,195.0553436,305.0996704,136.9433289,25.96147537
10/30/2020,105.5913467,116.8375931,84.900383,192.9116516,301.9190063,129.3466644,25.68586922
11/2/2020,105.5040207,118.1839752,86.81420898,192.7782593,305.3031311,133.5033264,26.76465225
11/3/2020,107.1238785,118.0220718,89.55068207,196.6846619,310.693512,141.3000031,26.30793953
11/4/2020,111.4984665,118.7889786,86.81420898,206.1744843,317.6373596,140.3266602,26.16620255
11/5/2020,115.4559631,119.0957718,90.36468506,212.7487488,323.8320618,146.0299988,26.11895561
11/6/2020,115.3248062,121.2176132,89.16100311,213.1584015,323.7580872,143.3166656,25.81185913
11/9/2020,113.0220032,124.4813232,101.2327194,208.0800323,327.8262939,140.4199982,29.07968521
11/10/2020,112.6819153,126.356041,100.9036179,201.0484467,327.3456116,136.7866669,29.72482491
11/11/2020,116.1020889,125.9469757,99.39684296,206.3269348,329.7772827,139.043335,29.41837502
11/12/2020,115.8300247,126.373085,98.1758194,205.2693329,326.578125,137.2533264,28.41035271
11/13/2020,115.8786469,127.7365112,98.79065704,206.2888031,331.0995483,136.1666718,29.09580803
11/16/2020,116.8891373,128.5460663,101.5790939,206.9748383,335.2323608,136.0299988,30.77317047
11/17/2020,116.0049515,127.2678375,100.5486069,204.3356018,333.4294128,147.2033386,31.18445206
11/18/2020,114.6835098,125.580574,99.8038559,201.6416931,329.416687,162.2133331,30.00707436
11/19/2020,115.2762222,125.3845901,100.0723038,202.9217834,330.8035889,166.4233398,30.16029358
11/20/2020,114.0130615,124.7199326,99.21498871,200.9825287,328.5382996,163.2033386,29.78933716
11/23/2020,110.6220093,123.4499969,102.0727081,200.7150116,330.507782,173.9499969,31.74087906
11/24/2020,111.9046097,123.4499969,106.7922668,204.2973785,335.8334045,185.1266632,33.8537178
11/25/2020,112.7401733,123.2869339,105.6751709,204.3069763,335.3156738,191.3333282,32.91020584
11/27/2020,113.2843323,123.561554,104.973732,205.6060944,336.2495422,195.2533264,32.41021347
11/30/2020,115.6745758,124.1450043,102.0813751,204.4979706,334.7608948,189.1999969,30.74898148
12/1/2020,119.2405319,126.5218582,103.6920853,206.5423279,338.4223022,194.9199982,31.04735947
12/2/2020,119.5903168,127.1139297,105.683815,205.7398529,339.1341858,189.6066742,32.20861816
12/3/2020,119.4542999,127.8518524,104.9910355,204.6603546,339.0417786,197.793335,32.42634583
12/4/2020,118.7838593,128.9416199,105.9436111,204.7750549,341.9635315,199.6799927,33.61178589
12/7/2020,120.2413254,127.826149,105.5452881,204.7081299,341.2608643,213.9199982,32.98278046
12/8/2020,120.8534546,130.039917,105.6491928,206.3512421,342.2593994,216.6266632,34.06339264
12/9/2020,118.3271637,131.3699646,104.8265076,202.3294983,339.1897278,201.4933319,34.51499176
12/10/2020,119.7457809,130.6405945,104.1510468,201.1067657,339.0787659,209.0233307,35.49075317
12/11/2020,118.9393082,131.2412262,103.5361938,203.7241516,338.6811523,203.3300018,35.32141113
12/14/2020,118.3271637,127.9119186,102.445076,204.6222076,337.164917,213.2766724,34.04726028
12/15/2020,124.2542267,129.1990356,104.1943512,204.5553131,341.7230225,211.0833282,34.70853043
12/16/2020,124.186203,128.4267578,104.4974518,209.4750214,342.2593994,207.5899963,35.24077606
12/17/2020,125.0510025,131.8161011,103.6314621,209.6087799,344.1733093,218.6333313,35.06335449
12/18/2020,123.0688324,132.5798035,103.1205292,208.8158875,342.7990417,231.6666718,34.45853043
12/21/2020,124.5942917,131.3012848,106.9914551,212.6370239,341.5733948,216.6199951,33.82952881
12/22/2020,128.1408081,131.043869,105.3634186,213.9266663,340.9976501,213.4466705,33.25696945
12/23/2020,127.2469254,130.374588,108.3077469,211.1371918,341.3041077,215.3266602,33.6843605
12/24/2020,128.2282562,130.8293762,107.8314514,212.7899017,342.631897,220.5899963,33.54726791
12/28/2020,132.8144379,131.4471741,108.5415497,214.9010468,345.5754395,221.2299957,33.66018677
12/29/2020,131.0460205,132.2623138,108.2557678,214.1272583,344.9161682,221.9966736,33.28115845
12/30/2020,129.9286804,133.9012451,108.5588684,211.7677002,345.4082336,231.593338,33.54726791
12/31/2020,128.9278259,135.0424652,110.0397186,212.4746399,347.1631775,235.2233276,33.24082947
1/4/2021,125.74086,134.287384,109.0005112,207.9561615,342.4369507,243.2566681,33.46663666
1/5/2021,127.2954483,135.8661804,109.5936279,208.1567383,344.7954407,245.0366669,35.07948685
1/6/2021,123.0105286,137.1447144,114.7396774,202.7593994,346.8568115,251.9933319,35.97461319
1/7/2021,127.2080307,137.6080627,118.5076523,208.5292969,352.0101624,272.0133362,36.25687027
1/8/2021,128.3060303,137.3249207,118.6384888,209.7998352,354.0159302,293.3399963,36.66007996
1/11/2021,125.3230438,136.7499847,120.4090347,207.7650757,351.6294556,270.3966675,37.7729454
1/12/2021,125.1481628,135.6860046,122.301796,205.3195343,351.7037659,283.1466675,38.61162949
1/13/2021,127.1788635,135.480072,122.4151764,206.6665039,352.6509399,284.8033447,39.04710007
1/14/2021,125.2550354,137.8483276,123.1304092,203.4949493,351.4159546,281.6666565,40.5712471
1/15/2021,123.535202,137.5480194,120.9236755,203.141449,348.8531189,275.3866577,38.61969376
1/19/2021,124.2056656,139.6760101,120.4003448,206.7620239,351.5923157,281.5166626,39.38578796
1/20/2021,128.2865753,139.3327789,118.5948868,214.3087769,356.4578857,283.4833374,39.94222641
1/21/2021,132.9893188,138.7750397,117.6005478,214.9105988,356.7828369,281.6633301,38.79709625
1/22/2021,135.1269684,140.336731,116.6934357,215.8467865,355.52005,282.2133179,38.24873734
1/25/2021,138.8678131,142.4218445,115.2368393,219.2666931,356.9221802,293.6000061,37.82133484
1/26/2021,139.1009674,146.2831421,114.7658615,221.9415283,356.3651123,294.3633423,36.99069595
1/27/2021,138.0321503,144.0521393,111.521225,222.4860229,347.6553955,288.0533447,36.57136154
1/28/2021,133.2030792,145.1504974,113.4836884,228.2463837,350.6452332,278.4766541,37.14392471
1/29/2021,128.2185516,139.9763336,112.2277222,221.5880432,343.6255188,264.5100098,36.16009903
2/1/2021,130.3367462,139.6159668,113.0563278,228.9342041,349.3452759,279.936676,36.22460938
2/2/2021,131.1626587,138.3631744,116.536438,228.8004761,354.2850647,290.9299927,36.79717255
2/3/2021,130.1424103,137.7196198,117.8709488,232.1343842,354.5636902,284.8966675,38.24067307
2/4/2021,133.4945831,138.9981232,120.5835342,231.1886749,358.5935364,283.3299866,38.97452164
2/5/2021,133.0810242,141.1089783,120.3479996,231.3701782,360.0049133,284.0766602,40.28092575
2/8/2021,133.2269897,141.5122833,122.2320023,231.6280823,362.6047974,287.8066711,42.01473999
2/9/2021,132.3511963,142.6707001,121.7435684,232.8699951,362.3634338,283.1533203,41.52266693
2/10/2021,131.7478943,143.1340027,121.8133545,231.9624634,362.205658,268.2733459,41.9245224
2/11/2021,131.494873,142.4904785,121.4731903,233.5578003,362.7905273,270.5533447,40.87477493
2/12/2021,131.7284241,142.9366608,123.2001495,234.0354462,364.5826721,272.0400085,41.43245316
2/16/2021,129.6070404,141.641037,126.1656952,232.8031158,364.2669373,265.4066772,42.67904282
2/17/2021,127.3202591,142.1472626,126.558197,233.8180389,364.3505554,266.0499878,43.34333038
2/18/2021,126.2206802,142.2158813,126.9855347,233.4254608,362.7998657,262.4599915,42.66263199
2/19/2021,126.3763657,139.847641,129.1050415,230.7253418,362.1591492,260.4333191,42.94967651
2/22/2021,122.6104736,139.7612915,130.3174438,224.5399933,359.3735352,238.1666718,44.53251266
2/23/2021,122.4742584,138.5266113,131.36409,223.3527069,359.8099365,232.9466705,45.14759445
2/24/2021,121.9779587,140.3829346,133.6754761,224.5782928,363.7748718,247.3399963,46.50078964
2/25/2021,117.7352524,140.5297394,131.8612366,219.2546692,355.0094299,227.406662,45.7298851
2/26/2021,117.9979858,136.8170624,128.3636475,222.5005646,353.1801147,225.1666718,44.5899086
3/1/2021,124.3523254,137.5595398,131.2681274,226.8666992,361.741333,239.4766693,46.25476074
3/2/2021,121.7541351,137.3005676,130.840744,223.9271698,358.9185486,228.8133392,45.98413086
3/3/2021,118.776474,134.8829651,133.3701935,217.8854523,354.1644287,217.7333374,46.35316849
3/4/2021,116.8983917,132.1632385,131.3204956,217.0906982,349.7815857,207.1466675,48.14923477
3/5/2021,118.1536636,134.7794037,131.6257629,221.7536774,356.2164307,199.3166656,49.96990204
3/8/2021,113.229805,135.901825,133.3701935,217.7226868,354.4429932,187.6666718,49.92070007
3/9/2021,117.8325577,136.1608429,132.4281921,223.8410339,359.5035706,224.5266724,49.14978409
3/10/2021,116.7524261,137.412796,135.306488,222.5388184,361.741333,222.6866608,50.65880203
3/11/2021,118.6791687,137.4041443,134.6000061,227.0485992,365.4090271,233.1999969,50.28154755
3/12/2021,117.7741699,137.8013306,136.1961365,225.7273102,365.9011536,231.2433319,50.8228302
3/15/2021,120.6545486,138.5093689,135.5158081,224.8272858,368.0832825,235.9799957,49.52703857
3/16/2021,122.1920471,139.3296051,133.8935089,227.6039734,367.6190186,225.6266632,48.47728729
3/17/2021,121.4038315,138.8115387,135.2716217,226.9624481,368.8725281,233.9366608,48.69051361
3/18/2021,117.2876205,138.5525208,137.5044861,220.9111176,363.5055847,217.7200012,46.59100723
3/19/2021,116.7621613,138.1812592,135.3152161,220.5568542,362.8329468,218.2899933,46.32855225
3/22/2021,120.0707016,138.5783997,131.6781006,225.957077,365.7302246,223.3333282,45.85289764
3/23/2021,119.2435532,138.4488831,130.3610535,227.4794769,362.851593,220.7200012,45.28701401
3/24/2021,116.8594513,139.7958527,131.3727875,225.449646,361.007019,210.0899963,46.20555496
3/25/2021,117.3460312,139.8476257,133.0561523,222.4622498,363.0379028,213.4633331,46.07434082
3/26/2021,117.9493332,142.4033508,135.2716217,226.426239,368.8882751,206.2366638,47.32912064
3/29/2021,118.1244965,143.3617401,133.1695404,225.2389832,368.7019653,203.7633362,47.07488632
3/30/2021,116.6745758,142.4724274,134.739563,221.9931183,367.7237854,211.8733368,46.49259567
3/31/2021,118.8640289,141.9025574,132.7770691,225.7463989,369.2142639,222.6433258,45.78730011
4/1/2021,119.6911774,140.5901947,134.0679474,232.0467072,373.201416,220.5833282,47.06668091
4/5/2021,122.5131683,141.1082001,134.7785797,238.4810181,378.5580444,230.3500061,46.3367691
4/6/2021,122.8148193,141.0736694,133.8310852,237.3224487,378.3344116,230.5399933,46.20555496
4/7/2021,124.4593735,141.2636414,135.9279327,239.2757111,378.7723389,223.656662,46.41059494
4/8/2021,126.8531418,140.7110443,136.094635,242.4832916,380.5701904,227.9333344,45.92671204
4/9/2021,129.4221802,139.2260284,137.1123657,244.9727325,383.3370056,225.6733398,45.82009506
4/12/2021,127.7095184,139.5627136,136.8227997,245.0302429,383.4768372,233.9933319,45.51665497
4/13/2021,130.8137207,137.6977234,135.1909637,247.500473,384.6133423,254.1066742,45.68888474
4/14/2021,128.4782562,138.0776367,132.6642303,244.7237701,383.2998657,244.0766602,47.0092659
4/15/2021,130.8818512,138.4834137,133.5064545,248.4675598,387.4173584,246.2833405,46.73042297
4/16/2021,130.5509796,140.0807648,134.4978485,249.6548462,388.7123108,246.593338,46.46799469
4/19/2021,131.2126923,140.4692688,133.9275818,247.7398224,386.8026123,238.2100067,46.32036972
4/20/2021,129.5292053,143.7416229,130.9620972,247.2802582,383.9705505,239.6633301,45.34442139
4/21/2021,129.9087524,143.8366089,132.0763397,249.5015869,387.6037292,248.0399933,45.92671204
4/22/2021,128.3907013,142.6191864,129.2951355,246.2366638,384.0636902,239.8966675,45.328022
4/23/2021,130.7066803,142.9127655,131.7693024,250.0474091,388.2278137,243.1333313,45.57405853
4/26/2021,131.0959015,141.7039795,132.0939331,250.4303894,389.0383301,246.0666656,45.66426849
4/27/2021,130.7747955,140.8923798,132.6992798,250.8325806,388.9545898,234.9133301,46.26295471
4/28/2021,129.9865723,139.8562622,133.5590973,243.7375793,388.8426819,231.4666595,47.6571579
4/29/2021,129.889267,141.7730408,136.1560822,241.774765,391.3207092,225.6666718,48.33785248
4/30/2021,127.9236221,140.5038605,134.9453125,241.4587708,388.7496033,236.4799957,46.94366455
5/3/2021,128.9745026,142.6450958,134.5504608,241.152359,389.5879822,228.3000031,48.23944855
5/4/2021,124.4107208,144.855484,136.4104767,237.2554169,387.1845703,224.5333405,48.54288864
5/5/2021,124.6539764,144.2510986,138.2002563,235.9915161,387.305603,223.6466675,50.00271988
5/6/2021,126.2498856,144.8295593,140.9814606,239.1129456,390.3984985,221.1799927,50.4783783
5/7/2021,126.9224625,145.4857635,141.464035,241.7268219,393.2397766,224.1233368,51.20008087
5/10/2021,123.6472778,147.0139923,141.4464264,236.6713409,389.3457336,209.6799927,51.32310486
5/11/2021,122.7310104,145.813858,139.0951843,235.7617493,385.8710632,205.7333374,49.69105911
5/12/2021,119.6702728,145.2267151,138.1388855,228.8391266,377.6731567,196.6300049,49.95732117
5/13/2021,121.814743,146.7463379,141.6921234,232.6977692,382.2098389,190.5633392,49.34158707
5/14/2021,124.2321396,146.9708099,143.8942413,237.6001129,388.0788269,196.5800018,50.56472778
5/17/2021,123.0819321,147.1176147,144.4733124,234.7563782,387.0913086,192.2766724,51.7462616
5/18/2021,121.6977997,147.1693726,142.4378967,232.7456665,383.7562561,192.6233368,50.28183365
5/19/2021,121.5418091,146.8499146,141.3499603,233.3214569,382.7501526,187.8200073,49.07533646
5/20/2021,124.0956573,147.7047424,141.1042938,236.5460663,386.8677673,195.593338,48.95884705
5/21/2021,122.2631302,147.6097717,142.7098236,235.2888336,386.5510864,193.6266632,49.02541351
5/24/2021,123.890976,148.1744537,143.4819183,240.6727295,390.4916992,202.1466675,49.59953308
5/25/2021,123.6960144,147.766098,141.9992065,241.5748901,389.6253052,201.5633392,48.47623825
5/26/2021,123.6472778,146.8886261,141.9816742,241.3541107,390.3984985,206.3766632,49.04204941
5/27/2021,122.1169128,146.6627502,144.1925964,239.2620087,390.6034241,210.2833405,48.7258606
5/28/2021,121.4638367,147.0450439,144.0960846,239.6170959,391.3021545,208.406662,48.5677681
6/1/2021,121.1421661,143.8130646,145.684082,237.4289551,390.9574585,207.9666595,50.30679321
6/2/2021,121.9024811,144.3951416,145.6928253,237.3330078,391.5722961,201.706665,50.7061882
6/3/2021,120.4208527,144.2561951,145.7893372,235.8071136,390.118988,190.9466705,50.90587997
6/4/2021,122.7115173,144.195343,146.0262451,240.6823425,393.6869507,199.6833344,51.13054657
6/7/2021,122.7212677,143.2136078,145.3419037,243.5806274,393.3049927,201.7100067,50.79771042
6/8/2021,123.540062,141.9538422,144.7628784,242.390625,393.388855,201.1966705,51.69634247
6/9/2021,123.9202118,143.8652191,142.9555511,243.3695068,392.8019714,199.593338,52.12901688
6/10/2021,122.9259567,145.159729,140.7270355,246.872345,394.6278992,203.3733368,52.21223068
6/11/2021,124.1346588,143.3178711,140.6304932,247.4962311,395.2799988,203.2966614,51.72962189
6/14/2021,127.1856079,143.6740112,138.2441406,249.4155884,396.1650696,205.8966675,51.64642715
6/15/2021,126.3668442,142.9095154,136.1472321,247.9472198,395.438324,199.7866669,53.52689362
6/16/2021,126.863945,142.8573914,137.1035919,247.0067444,393.2304993,201.6233368,53.33551788
6/17/2021,128.4625549,143.5437317,133.1467438,250.3848572,393.1000671,205.5333405,51.57985687
6/18/2021,127.1661758,140.7288361,129.7777252,248.9741364,387.7970581,207.7700043,50.25686646
6/21/2021,128.9596558,142.3448181,131.9798279,252.0451965,393.3486023,206.9433289,52.07909775
6/22/2021,130.5972443,142.1536713,131.78685,254.809082,395.4515381,207.9033356,53.07757568
6/23/2021,130.3243256,141.2935791,132.5852509,254.5788116,394.9749451,218.8566742,53.46865845
6/24/2021,130.0416412,141.9364471,133.8047485,255.9414673,397.3114929,226.6066742,53.68497849
6/25/2021,129.7492065,142.666275,135.155838,254.3388062,398.7228699,223.956665,53.80147934
6/28/2021,131.3770599,142.5011902,135.4015503,257.8897095,399.5265503,229.5733337,52.42855453
6/29/2021,132.8879089,142.509903,135.2348328,260.4617004,399.7416077,226.9199982,52.10406113
6/30/2021,133.5020447,143.126709,136.463089,259.9819031,400.0780334,226.5666656,52.48681259
7/1/2021,133.804184,144.186676,137.81427,260.6535645,402.2931213,225.9733276,52.63658524
7/2/2021,136.4262695,146.8104553,137.6818542,266.4598083,405.368103,226.3000031,52.56169128
7/6/2021,138.4342804,145.9329681,135.3699493,266.4694519,404.6296387,219.8600006,51.06397629
7/7/2021,140.9198608,147.1840363,135.5287933,268.6478882,406.0596313,214.8833313,50.26519394
7/8/2021,139.6234894,146.8973694,133.1904144,266.2390442,402.7511292,217.6033325,50.04052734
7/9/2021,141.4462585,147.4794159,137.4524536,266.7380371,407.0503845,218.9833374,50.94747543
7/12/2021,140.8516388,147.2448578,139.4202118,266.1430664,408.5084229,228.5666656,50.8975563
7/13/2021,141.9628906,147.062439,137.3465576,269.6556702,407.1157532,222.8466644,50.65626144
7/14/2021,145.3842468,148.0615234,136.8788757,271.1239319,407.7232971,217.793335,49.5329628
7/15/2021,144.7311401,146.2804565,137.1789398,269.7035217,406.330719,216.8666687,49.05036926
7/16/2021,142.6939545,146.045929,134.0463715,269.434845,403.1436157,214.7400055,47.69410324
7/19/2021,138.8534088,144.9859772,129.6872711,265.8456421,397.190094,215.406662,46.05492401
7/20/2021,142.4599609,146.3499603,132.105072,268.0625305,402.8819275,220.1666718,46.56248474
7/21/2021,141.7289276,147.2535706,134.8846283,270.0586548,406.1437683,218.4299927,48.06020737
7/22/2021,143.0935822,147.6792297,133.1815948,274.607605,406.9942932,216.4199982,47.51936722
7/23/2021,144.8091125,149.2517548,132.925705,277.9952698,411.181427,214.4600067,47.46111298
7/26/2021,145.2282715,149.3213043,133.8169098,277.4003601,412.1908569,219.206665,48.65929031
7/27/2021,143.0643616,150.0076599,133.6404419,274.9915161,410.3121948,214.9266663,48.11845779
7/28/2021,141.3195496,149.5906219,133.8610229,274.6844788,410.1439819,215.6600037,48.44297409
7/29/2021,141.9628906,149.5906219,135.0081787,274.9530945,411.8450928,225.7833405,49.03373337
7/30/2021,142.1773224,149.6080322,133.9316101,273.427124,409.8449097,229.0666656,47.90211105
8/2/2021,141.8459167,149.668808,133.3933868,273.3407593,408.9850769,236.5566711,47.91044235
8/3/2021,143.6394501,151.5106201,134.9111328,275.5480957,412.3123474,236.5800018,48.42632294
8/4/2021,143.2397766,150.6158142,133.4551392,274.9627075,410.2842102,236.9733276,47.29470825
8/5/2021,143.3470154,150.9025116,135.1405487,277.8513184,412.8825073,238.2100067,47.5942421
8/6/2021,142.6636963,150.3986206,138.9790192,277.7938232,413.5647888,233.0333405,48.14341354
8/9/2021,142.6148682,150.9198761,138.8289642,276.7093506,413.2282715,237.9199982,47.5942421
8/10/2021,142.1365356,150.9720306,140.5320129,274.8954773,413.7423401,236.6633301,48.40968323
8/11/2021,142.3903503,150.9980927,142.2086182,275.3850403,414.7704468,235.9400024,48.55112076
8/12/2021,145.3482819,152.2144165,142.7645264,278.1296997,416.0134888,240.75,48.44132233
8/13/2021,145.5532684,153.1266785,141.1673737,281.0471802,416.7705688,239.0566711,47.95142365
8/16/2021,147.5251923,154.5079956,140.24086,282.7266846,417.7519226,228.7233276,47.25034714
8/17/2021,146.6173401,155.9241791,138.5466003,281.2678528,415.0134583,221.9033356,46.92938232
8/18/2021,142.8784485,153.9433441,137.2848206,279.5467224,410.4711914,229.6633301,45.94113541
8/19/2021,143.2103882,155.1422729,136.1376495,285.3544312,411.1066284,224.4900055,44.53899002
8/20/2021,144.664856,155.8981476,136.5259094,292.6524353,414.3778381,226.7533264,44.54743958
8/23/2021,146.1487579,155.225174,138.2730713,292.9313049,418.0230103,235.4333344,46.38035202
8/24/2021,146.0609131,153.2849884,139.1290131,290.9794006,418.6865234,236.1633301,46.76044846
8/25/2021,144.8308868,152.2711639,141.9968109,290.3928833,419.5650635,237.0666656,46.84490967
8/26/2021,144.030365,151.458374,142.7292633,287.585144,417.0884094,233.7200012,46.21141815
8/27/2021,145.0651398,151.1350098,143.8763885,288.190979,420.8174744,237.3066711,47.1067543
8/30/2021,149.4776154,151.7730408,141.573288,291.9121094,422.6680908,243.636673,46.59151459
8/31/2021,148.2183075,151.309845,141.1408997,290.2678833,422.0419006,245.2400055,46.05093384
9/1/2021,148.8821411,151.8429413,140.9379425,290.2198181,422.2661133,244.6966705,45.41743088
9/2/2021,149.9950104,152.8829346,141.5909576,289.5659485,423.5653381,244.1300049,46.52394104
9/3/2021,150.6295776,152.9790955,140.7350006,289.5563965,423.4625549,244.5233307,46.34656525
9/7/2021,152.9627228,150.6018982,140.4879303,288.6332092,421.9483948,250.9733276,46.07626724
9/8/2021,151.4202881,150.2348022,139.8614197,288.6621094,421.4343872,251.2899933,45.65393829
9/9/2021,150.405014,146.887558,140.4702606,285.8159485,419.6304932,251.6199951,45.6877327
9/10/2021,145.4263306,145.9261932,138.8554535,284.3352051,416.3219604,245.4233398,45.5948143
9/13/2021,145.992569,144.903656,141.0614929,285.5659485,417.3873901,247.6666718,46.7688942
9/14/2021,144.5965576,144.0296631,138.5995636,288.2583313,415.1349487,248.1633301,46.10161591
9/15/2021,145.4849091,144.5715027,139.5614014,293.0948792,418.602417,251.9433289,47.65578461
9/16/2021,145.2505951,144.3967285,139.4996185,293.4793701,417.9389038,252.3300018,47.14899063
9/17/2021,142.5856018,143.9859772,139.1378021,288.3351746,413.8677368,253.1633301,46.59151459
9/20/2021,139.5397797,143.1644745,134.9728851,282.9794312,406.9667358,243.3899994,45.34986496
9/21/2021,140.0181274,143.7937164,134.9905396,283.4602661,406.5823669,246.4600067,45.30762863
9/22/2021,142.3805542,143.2693024,137.576004,287.0947876,410.5484619,250.6466675,46.63375092
9/23/2021,143.3372498,144.0821228,142.2262421,288.0371399,415.5366211,251.2133331,48.21326828
9/24/2021,143.4251251,143.6451263,143.8675079,287.8351746,416.2211304,258.1300049,48.64404678
9/27/2021,141.911972,142.6050873,147.344223,282.8544312,415.030365,263.7866821,50.08841324
9/28/2021,138.5342865,142.2904816,146.5500641,272.6141052,406.6667175,259.186676,50.61210632
9/29/2021,139.4324341,143.3479919,146.435318,273.0756226,407.3512268,260.436676,50.57831955
9/30/2021,138.134079,141.1455841,144.4411163,271.0756836,402.372406,258.4933472,49.68297577
10/1/2021,139.2566681,140.2454071,147.4765625,277.9794617,407.1542969,258.4066772,51.46520996
10/4/2021,135.8301697,139.1529388,147.317749,272.2198486,401.9035645,260.5100098,52.13249207
10/5/2021,137.7533417,139.4675751,149.7234955,277.6525269,406.0853577,260.1966553,52.04802704
10/6/2021,138.6221466,139.7559814,150.0430756,281.8352661,407.7731018,260.9166565,51.09355927
10/7/2021,139.8814392,141.0057526,150.9929199,283.5083008,411.2985229,264.5366821,51.23715591
10/8/2021,139.5007172,140.6474304,151.1083374,283.5083008,410.5484619,261.8299866,52.52103806
10/11/2021,139.4128723,140.0531006,147.9302368,282.9121399,407.5762024,263.980011,51.99734879
10/12/2021,138.1438293,137.8157806,146.7940063,281.6140137,406.572998,268.5733337,51.72705841
10/13/2021,137.558136,139.1354523,142.9235077,284.9121704,408.035675,270.3599854,51.58346939
10/14/2021,140.3402863,139.9307861,145.1161957,291.1044312,414.8990479,272.7733459,52.36899948
10/15/2021,141.3945618,140.9707794,147.903656,292.5082703,418.0588379,281.0100098,52.86735153
10/18/2021,143.0639343,139.9394836,147.8503876,295.4697876,419.2965698,290.0366821,52.8420105
10/19/2021,145.2213287,143.2168579,149.6435852,296.3736267,422.5313416,288.0899963,53.63599396
10/20/2021,145.7094727,143.1381989,151.6587372,295.585144,424.1909485,288.6000061,53.93161392
10/21/2021,145.9241943,142.8061371,150.4691315,298.8063049,425.2973022,298,52.95180511
10/22/2021,145.1529846,143.0858002,152.4931641,297.2677612,424.8566284,303.2266541,53.31502151
10/25/2021,145.1042023,143.4003906,151.7474976,296.2774658,427.1350098,341.6199951,54.35394669
10/26/2021,145.7680206,144.8599701,152.155838,298.1813354,427.5194702,339.4766541,55.61249924
10/27/2021,145.3092041,143.1032562,148.9866638,310.7388916,425.6255493,345.9533386,54.16812134
10/28/2021,148.9407349,142.32547,151.2326355,311.8735352,429.7322998,359.0133362,54.32016373
10/29/2021,146.236557,142.3516541,150.8154449,318.8638916,430.6042786,371.3333435,54.45531845
11/1/2021,145.4165802,142.473999,150.7354889,316.70047,431.3450012,402.8633423,55.435112
11/2/2021,146.4513702,144.7200775,151.3302612,320.3158569,433.0889587,390.6666565,54.75094986
11/3/2021,147.8864136,144.2568817,151.3835144,321.1523438,435.7330322,404.6199951,53.99919128
11/4/2021,147.368988,143.8548889,149.39505,323.4984741,437.786499,409.9700012,54.40463257
11/5/2021,147.8969269,142.8323517,149.1820068,323.1330872,439.3054504,407.3633423,54.9198761
11/8/2021,147.0756989,142.3429108,150.0785675,324.0273743,439.6805115,387.6466675,55.51113892
11/9/2021,147.4374542,142.0282745,148.9422913,323.0273743,438.2272644,341.1666565,56.05172348
11/10/2021,144.6120911,143.5664673,148.8002167,318.0754089,434.7016296,355.9833374,54.94747543
11/11/2021,144.5631866,142.5089417,148.7913208,319.6427307,434.8423462,354.5033264,55.05018234
11/12/2021,146.635788,144.2132111,148.1255951,323.7677917,438.1240234,344.4733276,54.6307373
11/15/2021,146.6455383,142.9109955,147.8592682,323.1427612,438.2740173,337.7966614,55.10155106
11/16/2021,147.6231995,142.1681061,146.7940063,326.4504089,440.0085754,351.5766602,55.65795898
11/17/2021,150.0575104,142.7012329,146.0039368,326.6719666,438.9397278,363.0033264,55.05018234
11/18/2021,154.3395691,141.9321747,144.7433472,328.743042,440.4306335,365.4599915,54.45098114
11/19/2021,156.9596558,142.3604279,142.8525085,330.5155334,439.6429443,379.019989,51.93430328
11/22/2021,157.4191284,140.4866486,145.8974152,327.355896,438.4053345,385.6233215,52.65335846
11/23/2021,157.800415,141.3575592,149.3861542,325.2847595,438.9866333,369.6766663,54.04009628
11/24/2021,158.3185577,140.9616699,148.214325,325.5063477,440.1586304,372,54.33969498
11/26/2021,153.3032379,140.0468292,143.7490997,317.5784607,430.3417358,360.6400146,52.4307785
11/29/2021,156.6565552,140.5306091,143.1276855,324.2733154,435.620636,378.9966736,52.7218399
11/30/2021,161.6034088,137.1701965,140.9971466,318.4550781,427.1444397,381.5866699,51.22380447
12/1/2021,161.0852661,139.0615387,140.162674,317.9636841,422.4000854,365,51.18100739
12/2/2021,160.0978394,138.1906433,143.1099396,317.3954163,428.8695984,361.5333252,52.45646667
12/3/2021,158.2208099,140.2051392,140.5177917,311.1532898,425.1379395,338.3233337,52.12262344
12/6/2021,161.6229858,143.3368988,142.1778259,314.2166138,430.1729736,336.3366699,52.71327591
12/7/2021,167.3518982,143.7063293,144.3172607,322.6261292,439.0710144,350.5833435,53.30392075
12/8/2021,171.1647034,144.5684052,142.6660767,322.6743164,440.2336426,356.3200073,53.45801163
12/9/2021,170.6563263,145.9407196,142.4441376,320.8729553,437.2614441,334.6000061,53.59497452
12/10/2021,175.4369812,145.5800781,141.8760223,329.9664612,441.3776245,339.0100098,53.93735886
12/13/2021,171.809967,148.18396,140.1893311,326.9416504,437.4677124,322.1366577,52.75606537
12/14/2021,170.431488,149.8025665,141.2634583,316.2876587,434.4579163,319.5033264,52.67903519
12/15/2021,175.2903442,150.550293,140.207077,322.3659973,441.2463379,325.3299866,52.44791412
12/16/2021,168.4077301,152.195343,142.3997498,312.973938,437.3551636,308.9733276,52.53351593
12/17/2021,167.3128052,147.990387,139.1595612,311.9143372,432.7003784,310.8566589,51.38645172
12/20/2021,165.9538727,147.5681458,136.656189,308.1670532,428.0994263,299.980011,50.64172363
12/21/2021,169.1214752,147.0931244,138.5647736,315.2762451,435.7019348,312.8433228,51.78878403
12/22/2021,171.7121582,147.7265167,139.1062775,320.9692688,440.0584412,336.2900085,52.20823288
12/23/2021,172.3378754,148.0079803,139.6034241,322.404541,442.7965393,355.6666565,52.23391342
12/27/2021,176.2972565,149.2571716,140.402359,329.8797302,449.0630493,364.6466675,52.97863388
12/28/2021,175.2805634,149.8553619,140.828476,328.7237854,448.696106,362.8233337,52.80743027
12/29/2021,175.368576,150.9109955,140.7574463,329.3981018,449.2701111,362.063324,52.34518051
12/30/2021,174.2149353,151.5795898,140.6864319,326.8646851,448.0280151,356.7799988,52.03701782
12/31/2021,173.5990143,150.4887238,140.5710297,323.974762,446.8988953,352.2600098,52.37942505
1/3/2022,177.9396973,150.9022064,143.5449066,322.4623718,449.4864807,399.9266663,54.39105225
1/4/2022,175.6813965,150.4975281,148.9866638,316.933075,449.335907,383.1966553,56.4369278
1/5/2022,171.0082855,151.500412,146.2628632,304.7666931,440.7076721,362.706665,57.1388588
1/6/2022,168.1535645,150.9813385,147.8167725,302.3583984,440.2937317,354.8999939,58.48279953
1/7/2022,168.3197784,153.0222473,149.2813721,302.5126038,438.5530701,342.3200073,58.96216583
1/10/2022,168.3393402,152.2657166,149.4242249,302.7340393,438.0072632,352.706665,58.61121368
1/11/2022,171.1647034,150.647049,149.5760803,303.4181213,441.9966736,354.7999878,61.07651901
1/12/2022,171.6046448,149.3626862,150.424408,306.5872498,443.1916809,368.7399902,60.89676285
1/13/2022,168.3393402,148.456665,150.236908,293.6116943,437.0851135,343.8533325,60.46017838
1/14/2022,169.199646,147.6473236,141.0028229,298.8135376,437.2639465,349.8699951,61.52165604
1/18/2022,166.0027924,146.9964142,135.0909271,291.5405579,429.5201416,343.5033264,62.55742264
1/19/2022,162.5125885,146.5389252,133.0011902,292.1956482,425.0602112,331.8833313,62.58310318
1/20/2022,160.8310852,145.368927,131.8670349,290.5292969,420.3555298,332.0899963,62.72006989
1/21/2022,158.7780609,145.0346069,129.5629425,285.1636658,412.1037903,314.6333313,61.77845001
1/24/2022,158.005661,143.3632507,129.4468536,285.4911194,413.8537903,310,62.30918121
1/25/2022,156.2068481,147.462616,130.8578186,277.9003601,408.8011169,306.1333313,64.14105225
1/26/2022,156.1188965,148.1223907,132.0991669,285.8187256,407.7755127,312.4700012,63.49049759
1/27/2022,155.6593933,150.066452,129.7683258,288.8338013,405.7620239,276.3666687,64.30368042
1/28/2022,166.5209198,151.1221161,130.9292755,296.9447327,415.8392334,282.1166687,64.44065094
1/31/2022,170.8714142,151.5619354,132.7064667,299.5649109,423.3289185,312.2399902,65.02275085
2/1/2022,170.705246,150.3216248,134.9837036,297.4264526,426.18927,310.4166565,69.19152832
2/2/2022,171.9076843,151.9842224,133.9031525,301.9538574,430.3293762,301.8866577,69.01176453
2/3/2022,169.0334167,151.9754181,132.7957764,290.1920471,420.2145386,297.0466614,68.20710754
2/4/2022,168.7495575,150.9813385,136.2429352,294.7098999,422.1904297,307.7733459,69.6880188
2/7/2022,168.0350037,150.47995,136.6983795,289.9031067,420.8355103,302.4466553,70.52690887
2/8/2022,171.1380463,150.8757935,139.27034,293.3805542,424.2980652,307.3333435,68.70359039
2/9/2022,172.5574341,150.8582153,139.8508301,299.7864075,430.5081177,310.6666565,68.37469482
2/10/2022,168.4853058,149.0372467,139.27034,291.2806396,422.7738037,301.5166626,67.71691895
2/11/2022,165.0787811,147.5329895,137.4574738,284.2099609,414.4372559,286.6666565,69.42196655
2/14/2022,165.3137207,145.6768341,136.1803894,284.1714478,413.0822754,291.9200134,68.35739899
2/15/2022,169.1411285,147.181076,138.171875,289.4407043,419.7440186,307.4766541,67.50053406
2/16/2022,168.9061737,147.0931244,138.421936,289.1028748,420.2145386,307.7966614,67.81212616
2/17/2022,165.3137207,146.1958313,135.2337189,280.6372681,411.2380371,292.1166687,67.70825195
2/18/2022,163.7670441,144.6287842,135.8678436,277.9344788,408.5752869,285.6600037,66.95528412
2/22/2022,160.8500519,142.6633606,135.6267242,277.7317505,404.1905518,273.8433228,66.17632294
2/23/2022,156.689743,142.7341614,132.7868347,270.5404053,397.0207825,254.6799927,66.44462585
2/24/2022,159.3033752,140.0073242,129.0896454,284.3632813,402.995697,266.9233398,65.60508728
2/25/2022,161.3688049,146.9660492,132.1438446,286.9888306,411.8873901,269.956665,67.37071228
2/28/2022,161.6330872,145.7000427,126.633728,288.417511,410.8334961,290.1433411,67.87269592
3/1/2022,159.7536621,145.1954193,121.8559647,284.7107849,404.5764465,288.1233215,68.5218277
3/2/2022,163.0426636,147.0014954,124.3832932,289.7688904,412.0190125,293.2966614,69.69891357
3/3/2022,162.719635,149.1617126,123.499176,285.6470947,409.967804,279.7633362,70.14032745
3/4/2022,159.7242584,150.0470734,120.0252228,279.7974548,406.6370239,279.4299927,72.78012085
3/7/2022,155.9360352,152.4640045,115.3903275,269.2276001,394.6496887,268.1933289,75.40260315
3/8/2022,154.1152802,149.3742065,114.577652,266.2738647,391.6575928,274.7999878,75.97382355
3/9/2022,159.5089264,149.9407806,119.1679077,278.4846802,402.1582642,286.3233337,71.65496063
3/10/2022,155.1725006,150.2064209,117.7568893,275.6757202,400.3422546,279.4333191,73.87930298
3/11/2022,151.4624939,149.9319611,115.1045532,270.3473511,395.2518311,265.1166687,73.49848175
3/14/2022,147.4393005,152.0036621,116.2476578,266.8433533,392.3632507,255.456665,70.86736298
3/15/2022,151.8148956,155.9433899,118.3105774,277.1815186,400.9914856,267.2966614,66.83410645
3/16/2022,156.2198639,154.5091705,123.5974197,284.1702271,409.8832092,280.0766602,66.58312988
3/17/2022,157.2281342,156.5277405,125.1601944,284.971405,415.0112,290.5333252,68.35739899
3/18/2022,160.5171509,154.792511,125.1155777,290.0005188,419.5567017,301.7966614,68.08908844
3/21/2022,161.887619,155.6689453,124.7137146,288.7746582,419.434021,307.0533447,71.14431
3/22/2022,165.2550049,154.9341278,127.3660507,293.5045471,424.3420105,331.3266602,70.83273315
3/23/2022,166.6156158,154.3497925,124.8298187,289.0932007,418.8771973,333.0366821,71.94922638
3/24/2022,170.394104,155.1466064,125.6424789,293.5431824,425.1914673,337.9733276,72.16559601
3/25/2022,171.030365,156.6339722,126.7409134,293.1377258,427.2679749,336.8800049,73.74079895
3/28/2022,171.8918457,157.4396057,125.803215,299.9140625,430.3070679,363.9466553,71.6722641
3/29/2022,175.1808472,157.3599701,126.08004,304.4604797,435.6304321,366.5233459,71.2914505
3/30/2022,174.015976,158.9978333,125.5084915,302.9642944,432.9403992,364.6633301,72.5118103
3/31/2022,170.922699,156.9084167,121.7398682,297.6070251,426.2768555,359.2000122,71.48184204
4/1/2022,170.6290283,157.7583618,120.8378906,298.6784668,427.4850159,361.5299988,71.94056702
4/4/2022,174.671814,156.2355652,121.3737259,304.0357666,431.1470642,381.8166809,71.97519684
4/5/2022,171.3631897,157.2448578,119.9612732,300.0878296,425.7011108,363.7533264,71.60303497
4/6/2022,168.2013855,161.3351288,118.2968903,289.1028748,421.4443665,348.5866699,72.39929962
4/7/2022,168.5048218,160.9190063,117.9369965,290.9078979,423.5681152,352.4200134,73.61101532
4/8/2022,166.4981384,161.2377167,120.096199,286.660675,422.4353638,341.8299866,75.16025543
4/11/2022,162.2497864,159.219162,119.6553879,275.3571777,415.2150574,325.3099976,72.57238007
4/12/2022,164.1194611,159.2722626,118.3418579,272.26828,413.6766357,328.9833374,74.08701324
4/13/2022,166.8015747,159.9451447,114.5272903,277.6352539,418.4147034,340.7900085,75.13427734
4/14/2022,161.7995148,159.2722626,113.4656754,270.1156921,413.2046814,328.3333435,76.01708984
4/18/2022,161.5841522,157.2891235,115.5708847,270.7817383,413.3745728,334.7633362,76.64025879
4/19/2022,163.8649445,162.0876923,117.9639816,275.3958435,420.0475464,342.7166748,75.95649719
4/20/2022,163.6985321,162.8047943,118.3778229,276.4189758,419.7360229,325.7333374,76.12961578
4/21/2022,162.9056702,162.3355865,117.4601746,271.0617065,413.4595642,336.2600098,75.3246994
4/22/2022,158.3734283,160.7242279,114.086441,264.5170288,402.114502,335.0166626,73.68024445
4/25/2022,159.4404449,164.6817017,114.0504532,270.9748535,404.4458008,332.6733398,71.19625092
4/26/2022,153.4888,163.5042267,110.676712,260.8392944,392.7327881,292.1400146,71.22222137
4/27/2022,153.2636719,161.220047,109.2372513,273.3880005,393.8370056,293.8366699,73.25614929
4/28/2022,160.1843414,162.4241028,110.9645996,279.57547,403.7851563,292.5033264,75.47183228
4/29/2022,154.3208466,159.7680817,107.383934,267.8858643,388.8629761,290.2533264,73.78409576
5/2/2022,154.6243134,158.1567535,108.364563,274.5946045,391.2037354,300.980011,74.78808594
5/3/2022,156.1121826,157.8468781,110.6857224,271.9979553,392.9970398,303.0833435,76.32867432
5/4/2022,162.5140839,159.5378876,114.3473511,279.913269,404.9649353,317.5400085,79.36656952
5/5/2022,153.4594269,156.4923401,111.4864197,267.7218018,390.5713196,291.0933228,78.16353607
5/6/2022,154.1848755,156.1470184,111.3064957,265.1927185,388.2400513,288.5499878,79.35794067
5/9/2022,149.0676117,156.9969482,109.63311,255.3950348,375.8096313,262.3699951,73.10034943
5/10/2022,151.4693909,156.7844849,106.9611053,260.1443787,376.677948,266.6799927,73.58502197
5/11/2022,143.6170197,155.9345703,106.2863541,251.5049286,370.6940002,244.6666718,75.11696625
5/12/2022,139.7545471,157.4750214,106.1963882,246.4855499,370.3070068,242.6666718,75.45797729
5/13/2022,144.2150574,156.5720215,107.141037,252.0552063,379.1603088,256.5299988,77.69633484
5/16/2022,142.6758881,157.660965,106.3943253,252.4219666,377.6217651,241.456665,79.52379608
5/17/2022,146.3030548,158.3161163,109.9210129,257.557312,385.3896484,253.8699951,80.53804779
5/18/2022,138.0487671,155.3768005,108.0407104,245.8308105,369.8539734,236.6033325,79.26147461
5/19/2022,134.6470795,153.9956818,106.4392776,244.9213257,367.5887756,236.4733276,79.68991089
5/20/2022,134.88237,156.687088,105.5666199,244.3601837,367.7492065,221.3000031,80.31945801
5/23/2022,140.2937012,159.8858795,112.0981827,252.1875,374.6298218,224.9666595,82.09442139
5/24/2022,137.5978394,161.6322937,113.6815948,251.1909485,371.7700195,209.386673,82.54035187
5/25/2022,137.754715,160.0462646,114.4732819,253.9968567,375.0545349,219.6000061,84.20166779
5/26/2022,140.9505463,159.9037018,116.4525604,257.2670593,382.5486145,235.9100037,84.49893951
5/27/2022,146.6952057,161.3560944,118.0989609,264.3686829,391.9398804,253.2100067,85.32958221
5/31/2022,145.9109344,159.9660797,118.9626236,263.0432739,389.7408142,252.7533264,83.93935394
6/1/2022,145.7835236,158.3444061,116.8754196,263.5753479,386.5882568,246.7899933,85.54819489
6/2/2022,148.2343292,157.8454437,118.7556839,265.6652222,393.9502869,258.3333435,85.39953613
6/3/2022,142.5190582,157.1949615,117.1003342,261.2532959,387.4848633,234.5166626,86.64113617
6/6/2022,143.2640686,157.1771851,116.7134705,260.0245361,388.6647949,238.2799988,86.42254639
6/7/2022,145.7835236,158.9057617,117.0193558,263.6528015,392.3929443,238.886673,90.38343048
6/8/2022,145.0483093,157.9612579,115.1570435,261.6306458,388.1267395,241.8666687,91.45014954
6/9/2022,139.832962,154.780304,112.7369385,256.1931458,378.8959656,239.706665,89.47409058
6/10/2022,134.431366,153.7467194,107.5548782,244.7761993,367.9096375,232.2299957,87.83901978
6/13/2022,129.284729,152.1963348,104.3520737,234.3945465,353.9408569,215.7366638,83.80818939
6/14/2022,130.1474152,149.8618622,102.615715,236.5521851,352.8742676,220.8899994,84.02677155
6/15/2022,132.7648468,151.4656677,103.8302765,243.5861206,357.9049377,233,82.96878815
6/16/2022,127.5005112,151.5458832,102.0489655,237.0166168,346.0597229,213.1000061,79.90851593
6/17/2022,128.970993,150.9934387,101.6890717,239.6096039,346.8057556,216.7599945,75.30058289
6/21/2022,133.196167,154.1565704,104.2081146,245.5018463,355.5361023,237.0366669,79.98720551
6/22/2022,132.6864014,156.5890808,103.6233444,244.9116821,354.89151,236.0866699,76.82199097
6/23/2022,135.548996,160.0818939,102.4897614,250.4556122,358.3703613,235.0700073,74.50489807
6/24/2022,138.8722992,162.4253082,105.5486298,259.0086365,369.7644348,245.706665,75.98258972
6/27/2022,138.8722992,162.2738342,104.7029419,256.289856,368.3519592,244.9199982,77.84499359
6/28/2022,134.7352905,157.6583252,104.1991272,248.1529236,360.8254395,232.6633301,80.00470734
6/29/2022,136.4900818,157.7028809,103.7313232,251.8101501,360.5315857,228.4900055,77.04933167
6/30/2022,134.0294647,158.1661987,101.311203,248.4915771,357.6025696,224.4733276,74.88088226
7/1/2022,136.1960144,159.9571686,102.6067276,251.1522369,361.3847046,227.2633362,76.55092621
7/5/2022,138.7742157,158.7275696,102.2164536,254.3161163,362.0673218,233.0666656,74.15516663
7/6/2022,140.1074677,158.8701324,101.5538788,257.5669861,363.2900696,231.7333374,72.81736755
7/7/2022,143.4699249,159.0483246,104.122467,259.6858826,368.7310791,244.543335,75.14320374
7/8/2022,144.1463928,158.8522949,103.7957077,258.9699402,368.4277954,250.7633362,75.26561737
7/11/2022,142.0190887,158.9146576,102.4342728,255.922226,364.2189941,234.343338,74.88088226
7/12/2022,142.9896088,156.6871033,102.5341034,245.4341431,360.9961548,233.0700073,73.88413239
7/13/2022,142.6269073,156.3217773,101.5720291,244.5149994,359.1002502,237.0399933,74.18139648
7/14/2022,145.548233,156.535614,98.02323151,245.8308105,358.2282104,238.3133392,72.69496918
7/15/2022,147.2147675,158.8077393,102.5159607,248.3851318,365.0722046,240.0666656,73.91908264
7/18/2022,144.1757965,155.2436066,101.4631119,245.9953156,362.0578308,240.5466614,75.2831192
7/19/2022,148.0284729,152.980423,103.977211,251.1038666,371.840332,245.5299988,77.18048859
7/20/2022,150.0282898,152.1072083,103.9590836,253.7549133,374.210083,247.5,78.02861023
7/21/2022,152.2928772,152.6418457,104.6670227,256.2414856,378.0207214,271.706665,76.72581482
7/22/2022,151.057663,153.3635559,104.1587524,251.9068604,374.5134888,272.2433472,76.1399765
7/25/2022,149.9400787,153.6665192,104.5762634,250.42659,374.9684448,268.4333191,78.67564392
7/26/2022,148.6166382,154.7535553,102.942543,243.7216187,370.5322266,258.8599854,78.36962128
7/27/2022,153.7044983,154.3258972,104.5944138,260.0149231,380.153595,274.8200073,80.06590271
7/28/2022,154.2535095,155.2169037,104.2041321,267.4358521,384.9215393,280.8999939,81.00146484
7/29/2022,159.3119507,155.5020294,104.7033234,271.6252747,390.5332336,297.1499939,84.75249481
8/1/2022,158.3316193,154.9585419,103.6595612,268.9838867,389.37677,297.2766724,82.61030579
8/2/2022,156.8611603,154.076355,102.044014,265.897522,386.8079529,300.5866699,82.25182343
8/3/2022,162.8607178,155.5644073,103.1149979,273.2991028,392.8651733,307.3966675,79.58498383
8/4/2022,162.5469818,153.0695343,101.9804764,274.4407654,392.5997009,308.6333313,76.23617554
8/5/2022,162.321228,152.4636688,105.066391,273.724762,391.9362183,288.1700134,77.33786011
8/8/2022,161.8500061,151.6528168,103.7866287,271.2189026,391.4811707,290.4233398,77.7750473
8/9/2022,161.8990936,151.634964,104.721489,273.1346436,389.9266663,283.3333435,79.20900726
8/10/2022,166.1399994,152.0715637,107.4534378,279.7719421,398.1165771,294.3566589,79.96096802
8/11/2022,165.4037018,148.926239,109.0417709,277.7013245,398.1165771,286.6300049,82.27407074
8/12/2022,168.9475708,147.2867737,110.8479538,282.4326477,404.8563232,300.0299988,82.98919678
8/15/2022,170.0176239,147.9906921,111.1474533,283.9419556,406.5247192,309.3200073,81.50598907
8/16/2022,169.8605652,149.3093872,112.2093582,283.2066345,407.3209229,306.563324,80.74672699
8/17/2022,171.3526764,149.3183289,111.2654419,282.4600525,404.4297791,303.9966736,81.4000473
8/18/2022,170.9600067,148.5965576,110.4031906,281.3450317,405.6051636,302.8699951,83.32466888
8/19/2022,168.3781891,150.859787,107.671257,277.4472351,400.1546326,296.6666565,83.05983734
8/22/2022,164.5005798,150.3305511,105.8923111,269.3027344,391.8223877,289.9133301,82.99802399
8/23/2022,164.1667633,149.0208893,104.8485413,268.0325623,390.8744812,296.4533386,86.52063751
8/24/2022,164.4613037,148.5275574,105.1026917,267.4023438,392.1257324,297.0966797,87.03271484
8/25/2022,166.9154968,149.917923,107.5986481,270.3692932,397.6616516,296.0700073,87.48296356
8/26/2022,160.6229095,147.3524475,104.0770721,259.9365234,384.2011719,288.0899963,86.4058609
8/29/2022,158.4239044,146.2132568,103.822937,257.1635437,381.6607666,284.8200073,88.39233398
8/30/2022,155.9991455,145.7019348,103.8411026,254.9723053,377.4709167,277.7000122,85.02861786
8/31/2022,154.3401489,144.7242126,103.2238998,253.5178833,374.5987549,275.6099854,84.39294434
9/1/2022,155.0665894,148.3122711,103.9318466,252.480423,375.774231,277.1600037,82.8744278
9/2/2022,152.9559479,145.9800262,103.2057495,248.2724152,371.8118591,270.2099915,84.39294434
9/6/2022,151.6994324,146.3746948,103.2329788,245.5478821,370.4089661,274.4200134,83.82791901
9/7/2022,153.1032257,147.1730652,105.1934509,250.2406464,377.0633545,283.7000122,83.11278534
9/8/2022,151.630722,148.3571167,107.644043,250.6575623,379.5279236,289.2600098,83.79258728
9/9/2022,154.4873505,148.6441345,108.161377,256.4169006,385.4240112,299.6799927,85.19635773
9/12/2022,160.4363708,148.5814056,109.4411087,258.5403748,389.5663757,304.4200134,86.17633057
9/13/2022,151.022049,144.7152557,105.6381836,244.3261871,372.6270447,292.1300049,84.163414
9/14/2022,152.4651031,147.702301,105.3931351,244.5492401,374.0489502,302.6099854,86.22930908
9/15/2022,149.578949,148.0790405,106.9814529,237.9172363,369.8021851,303.75,83.72198486
9/16/2022,147.9395294,150.3395081,106.2644424,237.2967072,366.9810486,303.3500061,82.29171753
9/19/2022,151.6503143,149.1554718,107.2446823,237.0833893,369.8269348,309.0700073,82.28289032
9/20/2022,154.0259857,147.9803925,105.129921,235.0763245,365.5819092,308.730011,81.61192322
9/21/2022,150.9042358,146.4644012,102.0984573,231.6827698,359.2047729,300.7999878,80.29645538
9/22/2022,149.9421997,149.0657501,100.9366837,233.6510315,356.1875305,288.5899963,79.96096802
9/23/2022,147.6744995,149.5501404,99.05791473,230.6840973,350.2196655,275.3299866,75.70555878
9/26/2022,148.0082855,148.6352081,96.92501831,230.2283783,346.7550659,276.0100098,74.14289856
9/27/2022,148.9801483,147.9534454,96.07183838,229.2200623,345.869873,282.9400024,75.69673157
9/28/2022,147.0953064,149.2272034,98.01415253,233.7383118,352.6753845,287.8099976,78.45126343
9/29/2022,139.8701324,147.5856781,96.35321045,230.2768707,345.3083496,268.2099915,78.2923584
9/30/2022,135.6685333,146.5361633,94.84654999,225.8167725,339.9685669,265.25,77.0828476
10/3/2022,139.8406677,146.3926392,97.77818298,233.4183502,348.9442749,242.3999939,81.15284729
10/4/2022,143.4238129,148.5634155,102.3525848,241.3107758,359.7568359,249.4400024,84.11043549
10/5/2022,143.7183228,148.105957,101.0888748,241.621048,358.9191895,240.8099976,87.50946045
10/6/2022,142.766098,145.2355347,99.02844238,239.2843323,355.2166748,238.1300049,90.10506439
10/7/2022,137.5239105,143.7016144,97.05043793,227.1160431,345.3083496,223.0700073,89.19571686
10/10/2022,137.8478699,143.8899994,96.14385986,222.2777863,342.6717834,222.9600067,87.26225281
10/11/2022,136.4342499,145.9710388,93.36914825,218.5545807,340.5015869,216.5,86.52063751
10/12/2022,135.8059845,145.9351654,94.88011932,218.8842163,339.3785095,217.2400055,86.90027618
10/13/2022,140.3708191,148.1418304,100.1547928,227.1160431,348.3350525,221.7200012,89.93733978
10/14/2022,135.8452301,147.5229034,101.8214569,221.6087646,340.3969421,204.9900055,87.57125854
10/17/2022,139.8014221,149.4335175,106.0979691,230.3059692,349.1440735,219.3500061,88.83374786
10/18/2022,141.1168823,148.913269,108.8269043,231.24646,353.2463989,220.1900024,88.99267578
10/19/2022,141.2248535,147.7292023,106.6932144,229.2879028,350.7431641,222.0399933,91.63243103
10/20/2022,140.7634735,148.105957,106.3452225,228.9679413,347.802063,207.2799988,91.75601196
10/21/2022,144.572403,151.3352051,111.9312744,234.7563629,356.2542114,214.4400024,93.45996857
10/24/2022,146.7124939,153.3713837,112.0686188,239.7303314,360.6134338,211.25,94.11326599
10/25/2022,149.54953,153.1292114,112.3616638,243.0366364,366.3719482,222.4199982,93.47761536
10/26/2022,146.6142883,154.4747314,113.6528625,224.2848358,363.6116638,224.6399994,94.59001923
10/27/2022,142.147644,154.5644531,114.1015701,219.8538208,361.6699524,225.0899963,94.95198822
10/28/2022,152.8872528,156.8608093,115.4568634,228.6964569,370.274292,228.5200043,97.73300171
10/31/2022,150.5312042,156.0534973,115.2737122,225.0702057,367.599762,227.5399933,97.83014679
11/1/2022,147.8904877,155.2641296,117.3524628,221.2306519,365.9911804,227.8200073,98.80129242
11/2/2022,142.3734283,152.8780518,116.2718887,213.4060669,356.8062134,214.9799957,96.77069855
11/3/2022,136.3360748,153.1381989,116.4825134,207.7339935,353.1322327,215.3099976,98.08615875
11/4/2022,136.0705566,153.8198853,119.6692886,214.6568146,358.2149048,207.4700012,99.15441895
11/7/2022,136.6015778,155.165451,120.3011475,220.9397736,361.641449,197.0800018,100.3286438
11/8/2022,137.171936,155.9368896,120.3744125,221.9093323,363.5926208,191.3000031,100.6464539
11/9/2022,132.6191406,154.6900177,118.8084869,217.6819458,356.1018677,177.5899963,96.14385986
11/10/2022,144.4188538,156.5020142,123.6985626,235.59021,375.6711731,190.7200012,97.55644989
11/11/2022,147.2016602,151.8195801,123.900032,239.5945892,379.3070679,195.9700012,100.6023102
11/14/2022,145.8053894,154.2056427,122.6271515,234.2037048,376.0804443,190.9499969,100.896019
11/15/2022,147.5359955,154.6361847,121.7388763,234.6109314,379.2880249,194.4199982,101.5723953
11/16/2022,146.306839,155.5960388,121.9037094,235.0387573,376.3945618,186.9199982,100.4866257
11/17/2022,148.2046661,156.8518372,121.3725433,234.9901123,375.2427673,183.1699982,100.6201248
11/18/2022,148.7651215,158.053833,122.5630188,234.5428772,376.9465942,180.1900024,99.74795532
11/21/2022,145.539856,158.8663483,121.8396301,235.3498993,375.5759583,167.8699951,98.76009369
11/22/2022,147.6736298,159.6337585,123.6619263,238.2473755,380.6300354,169.9100037,101.61689
11/23/2022,148.5488129,159.8052826,124.9805984,240.7268219,383.028717,183.1999969,101.1096039
11/25/2022,145.6382141,160.0129089,125.218689,240.6392822,382.9429932,182.8600006,100.753624
11/28/2022,141.8131409,160.0941467,123.0300827,235.0679169,376.8323975,182.9199982,97.72772217
11/29/2022,138.8140106,158.9747162,125.0538712,233.6774902,376.1850891,180.8300018,98.37740326
11/30/2022,145.5595245,160.6990356,126.5373611,248.0775452,388.0351563,194.6999969,99.08937836
12/1/2022,145.8348694,161.3671112,124.7608414,247.6399994,387.7496643,194.6999969,98.60878754
12/2/2022,145.3432007,161.4935303,123.7718124,247.9608612,387.3023071,194.8600006,97.77223206
12/5/2022,144.1829071,161.4032288,120.3011475,243.2742767,380.3349915,182.4499969,95.09339905
12/6/2022,140.5250092,158.9837341,120.502594,238.3348999,374.8526001,179.8200073,92.45019531
12/7/2022,138.5878448,159.9497223,120.4201736,237.6056671,374.2148132,174.0399933,92.24549103
12/8/2022,140.2693329,159.9767761,121.6839218,240.5517883,377.1464539,173.4400024,92.93076324
12/9/2022,139.7874908,158.6587067,121.0245895,238.6266022,374.3291016,179.0500031,92.1476059
12/12/2022,142.0786133,160.5545959,122.9018707,245.52034,379.7258911,167.8200073,94.41703033
12/13/2022,143.0422668,161.7914734,122.7828064,249.8082886,382.6003723,160.9499969,95.44939423
12/14/2022,140.8199768,162.2879944,122.169281,250.0999756,380.1542358,156.8000031,94.74630737
12/15/2022,134.2219391,160.2386322,119.1381836,242.1171875,370.8550415,157.6699982,93.83854675
12/16/2022,132.2651825,158.5955353,118.3964157,237.9168243,366.476593,150.2299957,93.17996216
12/19/2022,130.1608734,158.4239807,119.1015396,233.7941895,363.368988,149.8699951,93.59823608
12/20/2022,130.092041,158.5955353,119.6784439,235.1068115,363.866272,137.8000031,94.95101166
12/21/2022,133.1894836,160.4101257,121.0245895,237.6640167,369.3069153,137.5700073,96.17028046
12/22/2022,130.0232391,159.8233185,119.6509781,231.5967407,364.0383301,125.3499985,94.23013306
12/23/2022,129.6594238,160.229599,120.2187424,232.1217804,366.1323547,123.1500015,96.72205353
12/27/2022,127.8599548,160.184433,120.6399918,230.4007874,364.6885681,109.0999985,98.06591034
12/28/2022,123.9365311,159.4893036,121.2993393,228.0380707,360.1562195,112.7099991,96.45506287
12/29/2022,127.4469452,160.3018341,121.995285,234.3386841,366.6391296,121.8199997,97.18482208
12/30/2022,127.7615891,159.4802399,122.8011398,233.1816406,365.6734009,123.1800003,98.1638031
1/3/2023,122.9827118,160.8705597,123.7351761,232.9482574,364.1339722,108.0999985,94.790802
1/4/2023,124.2511749,162.6220245,124.8890228,222.7583313,366.9451294,113.6399994,95.06671143
1/5/2023,122.9335327,161.4212952,124.8613434,216.1562958,362.7571106,110.3399963,97.19373322
1/6/2023,127.4567719,162.7303772,127.2506638,218.7037659,371.0758362,113.0599976,98.3684845
1/9/2023,127.9779282,158.5142975,126.7248077,220.8331299,370.8655701,119.7699966,96.53517151
1/10/2023,128.548233,158.1351013,127.85952,222.5152893,373.4663086,118.8499985,97.97691345
1/11/2023,131.2622223,157.8822937,128.8096924,229.2437286,378.1898804,123.2200012,99.11606598
1/12/2023,131.183548,157.0878143,128.6805267,231.9078674,379.5667725,123.5599976,100.7625046
1/13/2023,132.5110016,156.5732422,131.9277496,232.6079407,381.0393066,122.4000015,100.7002182
1/17/2023,133.6712799,155.6072235,129.8890381,233.6969604,380.3413086,131.4900055,100.504425
1/18/2023,132.9534912,153.2599335,125.9868317,229.2826385,374.3364258,128.7799988,98.43969727
1/19/2023,133.0124969,153.0523071,124.3078766,225.5099945,371.6113281,127.1699982,99.07157135
1/20/2023,135.5690765,152.3390961,124.6122818,233.5705566,378.5340881,133.4199982,100.878212
1/23/2023,138.7550049,151.950882,126.6325531,235.8652191,383.0759277,143.75,100.3531342
1/24/2023,140.1513214,151.950882,127.7211533,235.3401794,382.6648254,143.8899994,101.2876053
1/25/2023,139.4924927,153.0342407,128.3391724,233.9497528,382.8082581,144.4299927,100.753624
1/26/2023,141.5574646,152.4745331,129.1325378,241.1351624,387.0154114,160.2700043,104.8030014
1/27/2023,143.4945679,151.8786316,129.4462128,241.290741,387.9046936,177.8999939,102.8895569
1/30/2023,140.6134949,146.2541656,128.3484497,235.9916077,383.0377808,166.6600037,101.0651093
1/31/2023,141.8819427,147.5361938,129.1141205,240.9504547,388.6696472,173.2200012,103.2455368
2/1/2023,143.0029144,148.8903809,128.7727661,245.7537079,392.800293,181.4100037,102.1152802
2/2/2023,148.303009,149.4501343,128.1731262,257.2756958,398.5183105,188.2700043,98.92028046
2/3/2023,151.9215698,148.6105194,130.1565247,251.1986847,394.2824097,189.9799957,99.60554504
2/6/2023,149.1977844,147.4820099,130.922226,249.6624146,391.8728943,194.7599945,99.4364624
2/7/2023,152.0690308,147.5181122,132.5181732,260.1537476,396.9980774,196.8099976,102.2754669
2/8/2023,149.384613,147.7077179,131.5864258,259.3467102,392.6569214,201.2899933,101.3854904
2/9/2023,148.3521271,145.7124786,129.5384674,256.3228149,389.2528992,207.3200073,101.7681961
2/10/2023,148.7165222,146.3896027,130.1104279,255.8172302,390.1613159,196.8899994,106.0578537
2/13/2023,151.5134125,146.9312897,131.5218658,263.8096924,394.7413635,194.6399994,105.6453094
2/14/2023,150.8732452,146.2902832,132.1030579,264.6361389,394.5597839,209.25,104.407692
2/15/2023,152.9709015,143.8797913,132.6565552,262.5209656,395.8410645,214.2400055,104.0938187
2/16/2023,151.3754883,142.8596497,130.8299713,255.5319672,390.3908081,202.0399933,103.788887
2/17/2023,150.2331543,145.8421173,131.2174072,251.5451813,389.4154968,208.3099976,99.79803467
2/21/2023,146.2249603,143.6689148,128.8096924,246.291275,381.6033936,197.3699951,99.69939423
2/22/2023,146.6483917,143.4688873,127.8226013,245.1605072,381.0775146,200.8600006,98.40797424
2/23/2023,147.1309357,143.4233856,128.8465881,248.3382568,383.1045837,202.0700073,99.31376648
2/24/2023,144.4818268,141.8230286,130.0089417,242.9283752,379.0121765,196.8800049,99.32273102
2/27/2023,145.6734772,141.5138702,131.1436462,243.8446503,380.303009,207.6300049,99.14336395
2/28/2023,145.1712036,139.3588409,132.241394,243.1233368,378.8974609,205.7100067,98.56939697
3/1/2023,143.1030884,138.7314453,131.503418,240.0528412,377.4440002,202.7700043,99.44828796
3/2/2023,143.6940002,138.6223145,130.1381073,244.7706451,380.3795166,190.8999939,99.90566254
3/3/2023,148.7362213,140.0499573,132.5273743,248.8451385,386.480011,197.7899933,101.1701889
3/6/2023,151.4936829,141.4502411,131.7524719,250.3852234,386.7476807,193.8099976,102.0670013
3/7/2023,149.2975616,140.1135712,127.8779602,247.7338867,380.819397,187.7100067,100.0940094
3/8/2023,150.5482635,139.0860748,127.1215286,247.2952576,381.4408875,182,98.63217163
3/9/2023,148.3029022,137.5220947,120.2395859,245.9501648,374.4033813,172.9199982,97.86988068
3/10/2023,146.2446594,137.8584747,123.2930832,242.31427,369.000946,173.4400024,96.65917969
3/13/2023,148.1847229,139.1770172,121.0790863,247.5096741,368.4750366,174.4799957,95.54711914
3/14/2023,150.2725372,139.9589691,124.1879196,254.2062988,374.565918,183.2599945,95.90584564
3/15/2023,150.6664734,140.3500061,118.3207626,258.7388916,372.2232971,180.4499969,91.13478088
3/16/2023,153.4830017,140.0590363,120.6178055,269.2272644,378.7539673,184.1300049,90.60565186
3/17/2023,152.6459351,138.5586853,116.0606155,272.3756714,374.3253479,180.1300049,89.53844452
3/20/2023,155.0094604,139.9316864,117.2875748,265.3575134,377.9247437,183.25,91.8791275
3/21/2023,156.8609467,139.9316864,120.4333115,266.8682861,382.887085,197.5800018,95.99552917
3/22/2023,155.4329376,137.3493042,117.3244629,265.4160461,376.360199,191.1499939,93.79830933
3/23/2023,156.5162506,137.4220734,117.0108032,270.6504517,377.3776855,192.2200012,92.74008179
3/24/2023,157.8161926,138.8042145,115.2303925,273.486908,379.8539734,190.4100037,92.84770203
3/27/2023,155.8760986,139.3952332,118.5329514,269.4026794,380.5643005,191.8099976,94.88346863
3/28/2023,155.2556763,138.049469,118.8927307,268.2817383,379.710022,189.1900024,96.06728363
3/29/2023,158.3282928,139.4043121,119.132576,273.4284668,385.229126,193.8800049,97.71743011
3/30/2023,159.894165,139.513443,118.7727966,276.8790588,387.4846497,195.2799988,98.19273376
3/31/2023,162.3955688,140.94104,120.2118988,281.0217896,392.9461365,207.4600067,98.34520721
4/3/2023,163.646286,142.6232452,120.0735474,279.9787903,394.443512,194.7700043,104.1476059
4/4/2023,163.1144714,144.1144714,118.4683762,279.9300232,392.2550659,192.5800018,103.1521454
4/5/2023,161.2728729,150.5886841,118.6450119,277.1617432,391.2279663,185.5200043,104.9188766
4/6/2023,162.1592407,150.1703949,118.5148544,284.2385559,392.7541199,185.0599976,103.1790466
4/10/2023,159.5691528,149.4156952,118.905365,282.0842896,393.157196,184.5099945,102.7216797
4/11/2023,158.3578339,149.370224,119.4910889,275.6898804,393.2628479,186.7899933,103.4481049
4/12/2023,157.6684875,149.0519409,119.4725037,276.3332214,391.6599426,180.5399933,103.340477
4/13/2023,163.0455322,151.0433197,119.9280701,282.5228882,396.8622131,185.8999939,103.8247604
4/14/2023,162.7008362,150.7978058,128.9837952,278.9163208,395.8928223,185,104.075882
4/17/2023,162.7205658,150.6432343,130.0065308,281.5091553,397.3132935,187.0399933,102.8651733
4/18/2023,163.9416962,146.405899,131.4662476,281.0900269,397.5725098,184.3099976,104.8740311
4/19/2023,165.0841064,147.7880249,131.2989044,281.1679688,397.5054016,180.5899963,104.5422287
4/20/2023,164.1190033,148.7427826,130.9177094,278.8870239,395.3360901,162.9900055,103.7081757
4/21/2023,162.5137329,147.933548,130.6666412,278.5458984,395.6432495,165.0800018,104.0400009
4/24/2023,162.8190308,148.833725,130.843277,274.6565552,396.0559998,162.5500031,106.0040359
4/25/2023,161.2827148,150.1976471,127.998291,268.4669189,389.769043,160.6699982,104.4973755
4/26/2023,161.2728729,147.869873,125.7296982,287.9132385,388.1180725,153.75,103.5377731
4/27/2023,165.8522797,148.2154083,127.4218369,297.1344299,395.8448181,160.1900024,104.7754059
4/28/2023,167.1029358,148.8519287,128.528244,299.5031433,399.2233887,164.3099976,106.1295853
5/1/2023,167.0143433,148.7610016,131.2802734,297.8460388,398.8202515,161.8300018,102.8382645
5/2/2023,165.9802856,150.061264,129.1604919,297.6998596,394.3378601,160.3099976,98.7397995
5/3/2023,164.9068604,148.0972137,126.427002,296.7153015,391.6311646,160.6100006,96.79370117
5/4/2023,163.272049,147.4243317,124.6976624,297.6998596,388.8572388,161.1999969,95.09871674
5/5/2023,170.9339294,147.9244232,127.1336365,302.8075562,396.0559998,170.0599976,97.46631622
5/8/2023,170.8649597,147.5879974,127.4404449,300.8580627,396.1615906,171.7899933,97.85195923
5/9/2023,169.1612244,146.4422913,126.8267822,299.2496948,394.4242554,169.1499939,97.87884521
5/10/2023,170.9240417,146.987854,126.8918915,304.4256897,396.2671204,168.5399933,96.62329865
5/11/2023,171.111145,146.3877258,126.4921036,302.2812195,395.5760803,172.0800018,94.87451935
5/12/2023,170.1841583,146.1967773,124.6790771,301.1699524,395.0578003,167.9799957,94.86553192
5/15/2023,169.6910553,145.0783234,125.7296982,301.6476135,396.4207458,166.3500061,95.04644775
5/16/2023,169.6910553,144.8873596,124.8836517,303.8699341,393.7715149,166.5200043,92.73973083
5/17/2023,170.3025055,144.5691376,128.7234802,306.7420959,398.5516052,173.8600006,94.82032013
5/18/2023,172.6298676,144.1053772,129.6997223,311.1575928,402.3908081,176.8899994,95.6796875
5/19/2023,172.7383575,144.4963684,129.4021912,310.9817505,401.8053894,180.1399994,96.12294006
5/22/2023,171.7916107,143.7176208,128.3329773,313.7561646,401.9685669,188.8699951,94.95600128
5/23/2023,169.1881104,143.662674,126.9941635,307.9729614,397.4573364,185.7700043,96.24957275
5/24/2023,169.4642487,143.5252991,125.8319473,306.59552,394.5778198,182.8999939,97.32605743
5/25/2023,170.5983429,141.463913,126.1387863,318.3865356,397.9948425,184.4700012,95.58016968
5/26/2023,173.0045929,141.4089355,127.3195572,325.1954346,403.1491394,193.1699982,94.95600128
5/30/2023,174.8487701,141.4272461,127.8030319,323.5542603,403.3027039,201.1600037,94.11471558
5/31/2023,174.7994385,142.0594025,126.1759644,320.799469,401.0663452,203.9299927,92.43216705
6/1/2023,177.6001892,141.5829773,127.9146042,324.8925781,404.8768616,207.5200043,93.49958038
6/2/2023,178.448288,143.8092499,130.6015778,327.6473999,410.731842,213.9700012,95.67063141
6/5/2023,177.0972595,145.0460815,129.3185272,328.1749573,409.9447632,217.6100006,95.24546814
6/6/2023,176.7323456,144.9178162,129.5509644,325.9671936,410.8374634,221.3099976,96.02342224
6/7/2023,175.3615723,145.2293243,130.8061218,315.9052124,409.4168091,224.5700073,98.17638397
6/8/2023,178.0735321,146.8234253,130.843277,317.7417908,411.893219,234.8600006,97.86882019
6/9/2023,178.4581451,146.5943756,131.1036377,319.2364197,412.6323853,244.3999939,97.1451416
6/12/2023,181.2490234,146.4935913,131.0943451,324.1794739,416.3756104,249.8300018,96.26766205
6/13/2023,180.7756653,147.2631836,132.0427094,326.5631409,419.1208191,258.7099915,96.28575134
6/14/2023,181.4068146,148.0144348,131.5499115,329.5426025,419.6199341,256.7900085,95.12786865
6/15/2023,183.4383392,150.0024719,133.0375061,340.0538635,424.8221741,255.8999939,95.78822327
6/16/2023,182.3634338,150.4605713,133.1955719,334.4172363,423.3751526,260.5400085,95.1007309
6/20/2023,182.4521637,150.3689423,132.5168304,330.236145,421.1786194,274.4500122,92.92063141
6/21/2023,181.4167023,150.1398621,132.3216095,325.8499451,419.0205688,259.4599915,93.9609375
6/22/2023,184.4146423,151.7340088,129.7741089,331.8577576,420.5331726,264.6099854,93.44532013
6/23/2023,184.0990448,151.6057587,129.0953979,327.2761536,417.3538818,256.6000061,92.63117981
6/26/2023,182.7085724,149.9108582,129.4115143,321.0045776,415.6486816,241.0500031,94.34087372
6/27/2023,185.4600067,149.59935,129.4208221,326.8365784,420.2055969,250.2100067,94.57608032
6/28/2023,186.6335449,149.2970734,128.8536682,328.0870361,420.4174805,256.2399902,95.3449707
6/29/2023,186.9688568,150.3414917,133.3536224,327.305481,422.0745544,257.5,96.52095032
6/30/2023,191.2882843,151.6424103,135.2224121,332.6686096,427.0552979,261.769989,97.01849365
7/3/2023,189.7992096,149.6543427,136.3102112,330.1775513,427.5466614,279.8200073,97.20845795
7/5/2023,188.6847687,149.1596375,135.4021606,330.3338318,426.9108887,282.480011,96.71092987
7/6/2023,189.1581726,148.0510559,134.0635071,333.3816528,423.5678711,276.5400085,93.10155487
7/7/2023,188.0437469,145.8981018,135.1213379,329.425293,422.4984436,274.4299927,93.31867218
7/10/2023,186.0024109,146.1362762,135.8795929,324.1599426,423.5678711,269.6099854,94.70271301
7/11/2023,185.4797058,145.3301086,138.0046234,324.7850647,426.2653198,269.7900085,95.86061096
7/12/2023,187.146347,144.8262024,138.687973,329.4058228,429.6950378,271.9899902,96.33099365
7/13/2023,187.9056854,145.4949951,139.36203,334.739563,433.1054993,277.8999939,94.5670166
7/14/2023,188.0536804,146.466095,140.2045135,337.2599487,432.8357544,281.3800049,91.31046295
7/17/2023,191.3080292,145.7331848,143.5839691,337.7386169,434.3385925,290.3800049,91.70849609
7/18/2023,191.0516052,145.7240143,143.8460999,351.180542,437.565979,293.3399963,91.2923584
7/19/2023,192.4026794,145.4308472,144.398407,346.8725281,438.539032,291.2600098,91.92559052
7/20/2023,190.4598999,154.2626495,146.1770325,338.8522644,435.6295776,262.8999939,93.54482269
7/21/2023,189.2863464,155.9208527,145.0536652,335.8239441,435.6295776,260.019989,93.97902679
7/24/2023,190.085144,156.7362518,147.9089203,337.1329346,437.5756226,269.0599976,95.45352173
7/25/2023,190.9431152,157.9364319,146.8042755,342.8673706,438.7701721,265.2799988,95.59825897
7/26/2023,191.8109589,158.2387543,147.6842041,329.9627075,438.837738,264.3500061,95.06453705
7/27/2023,190.5486298,159.1274261,146.0553436,323.075592,435.9282532,255.7100067,95.36307526
7/28/2023,193.1225739,159.8511963,146.8885193,330.5487061,440.1961365,266.4400024,94.2232666
7/31/2023,193.733963,153.4838867,147.8714447,328.1553955,441.0343018,267.4299927,97.00945282
8/1/2023,192.9056244,154.7298737,147.1412659,328.5656433,439.7721252,261.0700073,96.4486084
8/2/2023,189.917511,155.6643677,145.4749451,319.9300537,433.6545715,254.1100006,95.24546814
8/3/2023,188.5269928,156.3331757,146.3642731,319.1094666,432.4118347,259.3200073,96.90089417
8/4/2023,179.4739227,154.8672791,146.0553436,320.2035828,430.4561157,253.8600006,97.17227936
8/7/2023,176.3773193,158.5868988,146.7480927,322.4796753,434.2133789,251.4499969,96.97325897
8/8/2023,177.314209,158.6601868,145.9242859,318.5135498,432.3251038,249.6999969,97.45269775
8/9/2023,175.7264862,158.5594025,143.9677887,314.7818298,429.4348755,242.1900024,99.10810852
8/10/2023,175.509491,157.7348633,143.7524567,315.4656067,429.5890503,245.3399963,99.61470032
8/11/2023,175.5687561,159.2740021,144.5856476,313.5900574,429.338623,242.6499939,101.1615753
8/14/2023,177.2178802,158.8983765,144.8851929,316.5499573,431.7084961,239.7599945,101.2429657
8/15/2023,175.2329865,158.4403229,141.1968384,314.4203186,426.6796265,232.9600067,98.64373016
8/16/2023,174.3639832,157.9364319,140.5976715,313.6568298,423.5486145,225.6000061,96.9838562
8/17/2023,171.8260956,159.420578,139.1373291,310.2108765,420.321167,219.2200012,98.86260986
8/18/2023,172.3099823,158.0280304,139.4555969,309.8193359,420.5235291,215.4900055,100.3583145
8/21/2023,173.6430969,153.3189545,139.9330597,315.1057129,423.259552,231.2799988,99.14533997
8/22/2023,175.0157318,152.1005096,137.0310364,315.6734314,422.1130676,233.1900024,98.58900452
8/23/2023,178.8571625,150.7354126,137.9577789,320.1178894,426.8144531,236.8600006,97.72258759
8/24/2023,174.1763611,151.2484741,137.8267517,313.2358398,420.899231,230.0399933,96.99298859
8/25/2023,176.3784943,153.4170532,137.6582642,316.1825562,423.8665161,238.5899963,98.72582245
8/28/2023,177.9387665,151.6083374,138.1356964,316.8873596,426.5543213,238.8200073,99.55575562
8/29/2023,181.8196564,151.6268005,139.2590485,321.49823,432.7200317,257.1799927,100.1485596
8/30/2023,185.305542,151.0915527,138.6973877,321.8703308,434.5023804,256.8999939,101.1244125
8/31/2023,185.5227966,149.1998138,136.9842224,320.8619385,433.8665771,258.0799866,101.4071426
9/1/2023,187.0929565,148.092453,137.4429474,321.742981,434.6758423,245.0099945,103.532135
9/5/2023,187.3299561,148.2769928,135.9264069,326.5300598,432.7971802,256.4899902,103.5412598
9/6/2023,180.6247559,145.8130951,135.7017365,325.8741455,429.8877563,251.9199982,104.4350204
9/7/2023,175.3415985,147.6772156,134.5409241,322.9666443,428.5678406,251.4900055,103.9243011
9/8/2023,175.9538574,148.166275,134.6439056,327.2349243,429.2132874,248.5,105.4382553
9/11/2023,177.1191254,150.1041565,135.2336731,330.8276672,432.0361633,273.5799866,104.1158447
9/12/2023,174.0973663,150.9531403,136.9936066,324.7874756,429.6661072,267.480011,107.1528397
9/13/2023,172.0334778,151.3315277,137.0590973,328.9873047,430.1670837,271.2999878,106.1952286
9/14/2023,173.5443726,151.1007996,139.7177277,331.5716858,433.8762207,276.0400085,108.0922241
9/15/2023,172.8234558,148.9875641,139.3058319,323.2701111,428.6487427,274.3900146,106.4323349
9/18/2023,175.7464752,149.9288177,139.5960236,322.1345215,428.900116,265.2799988,107.2896576
9/19/2023,176.8327637,149.6796722,139.4181824,321.7331543,428.0106201,266.5,107.0069122
9/20/2023,173.2974854,150.3348694,138.8284302,314.019043,424.0758057,262.5899963,106.1587372
9/21/2023,171.7569427,149.181366,137.7424774,312.8051453,417.0665283,255.6999969,104.6630325
9/22/2023,172.6062164,148.1109009,136.4225464,310.3381653,416.1286926,244.8800049,104.8272018
9/25/2023,173.8801117,147.8894348,137.0965576,310.8570251,417.8785706,246.9900055,106.0037079
9/26/2023,169.8115997,146.7451324,135.673645,305.5707092,411.7394409,244.1199951,106.1678696
9/27/2023,168.300705,144.982605,136.4693756,306.2070007,411.903717,240.5,109.6244125
9/28/2023,168.5574799,144.7703552,138.1637726,307.0390625,414.2917786,246.3800049,108.9586411
9/29/2023,169.0709534,143.7275543,135.7579346,309.1046448,413.2863159,250.2200012,107.2349319
10/2/2023,171.5792236,143.1738586,134.5877228,315.0273438,413.1219482,251.6000061,105.4564819
10/3/2023,170.2460785,143.3491821,133.5954742,306.794342,407.5918884,246.5299988,105.6388931
10/4/2023,171.4903564,143.5153351,134.1945648,312.2471313,410.5599365,261.1600037,101.6898575
10/5/2023,172.7247314,145.0102692,134.760376,312.6386414,410.4052429,260.0499878,99.4006958
10/6/2023,175.2725067,145.4716644,136.8350983,320.3724365,415.2778931,260.5299988,97.74082184
10/9/2023,176.7537689,146.3021851,136.52388,322.87854,417.936615,259.6700134,101.1609039
10/10/2023,176.1612396,146.1360931,137.3537445,321.4787292,420.111908,263.6199951,100.7322311
10/11/2023,177.5536499,144.1243591,137.8252563,325.4238586,421.8327942,262.9899902,97.12065887
10/12/2023,178.4522858,144.2627869,137.5046234,324.1903381,419.2611084,258.8699951,97.10243225
10/13/2023,176.6155243,144.7426605,139.5698853,320.8325195,417.1728821,251.1199951,100.20327
10/16/2023,176.4871521,145.370163,139.4284363,325.6392212,421.5621033,253.9199982,100.2762375
10/17/2023,174.9367523,144.0413361,139.1266479,325.0713806,421.5427246,254.8500061,101.5895386
10/18/2023,173.6430969,140.9406433,137.598938,323.1624146,415.9256592,242.6799927,103.0122986
10/19/2023,173.267868,140.5623322,137.0142517,324.3469849,412.2711792,220.1100006,103.0761185
10/20/2023,170.7200928,141.1898346,134.8075104,319.7948608,407.2051697,211.9900055,101.3068161
10/23/2023,170.8386383,139.7041168,132.9686127,322.3891296,406.4993896,212.0800018,99.82022858
10/24/2023,171.2730865,139.5564728,133.1289368,323.5736694,409.5641479,216.5200043,98.85350037
10/25/2023,168.962326,139.870224,132.4028015,333.5001831,403.6860352,212.4199982,99.03588867
10/26/2023,164.8049164,137.4985962,132.7422638,320.9891968,398.8520508,205.7599945,98.13298798
10/27/2023,166.1183014,134.3610687,127.9610672,322.8687134,397.0440979,207.3000031,96.2633667
10/30/2023,168.1624298,135.6806488,129.5925446,330.210907,401.7911072,197.3600006,96.56433868
10/31/2023,168.6364746,136.8895569,131.1390991,330.9940796,404.3144226,200.8399963,96.53696442
11/1/2023,171.7964783,137.2125397,131.0259399,338.7865295,408.6263428,205.6600037,96.3454361
11/2/2023,175.351532,138.6428833,133.3646698,340.9891968,416.4573975,218.5099945,99.51015472
11/3/2023,174.4429779,139.6579742,134.8546753,345.3749084,420.256897,219.9600067,98.29717255
11/6/2023,176.9907227,139.9902039,135.8731537,349.0264282,421.2237244,219.2700043,96.55521393
11/7/2023,179.5484161,139.2519226,135.8071442,352.9422302,422.4225769,222.1799927,95.04125214
11/8/2023,180.6050262,138.7444305,136.4766998,355.5560608,422.7318726,222.1100006,93.87387848
11/9/2023,180.1310272,136.0405884,136.0712128,353.0988464,419.4350891,209.9799957,93.90124512
11/10/2023,184.3136749,135.883667,138.089325,361.8899231,425.9802856,214.6499939,94.62171936
11/13/2023,182.7315979,136.2343445,137.4763489,358.9627991,425.5743103,223.7100067,95.61582184
11/14/2023,185.3420105,136.2620544,139.9848022,362.4772034,433.8307495,237.4100037,95.98397827
11/15/2023,185.9056549,137.3140259,141.2108002,362.6243591,434.749176,242.8399963,95.40415955
11/16/2023,187.5866241,138.5137329,142.8233643,369.0004883,435.2809143,233.5899963,94.29972076
11/17/2023,187.566864,138.2276154,144.1153107,362.8009949,435.8223572,234.3000031,96.60060883
11/20/2023,189.3071442,139.4461823,144.5585632,370.2462463,439.177124,235.6000061,96.17725372
11/21/2023,188.5062256,140.5717163,144.2568054,365.9595947,438.2199097,241.1999969,96.14043427
11/22/2023,189.1687164,140.2926636,144.5962982,370.648468,439.9119263,234.2100067,95.72629547
11/24/2023,187.8437195,141.8554077,144.7943268,370.2364807,440.1825867,235.4499969,96.24167633
11/27/2023,187.6657257,140.7205505,144.4642639,371.3940125,439.3898315,236.0800018,95.68025208
11/28/2023,188.2689056,141.0461121,144.7943268,375.4060669,439.8248596,246.7200012,95.62503815
11/29/2023,187.2504425,141.49263,145.5299072,371.6294556,439.5155334,244.1399994,94.18927765
11/30/2023,187.8239288,143.8646088,147.1896362,371.6882324,441.2460938,240.0800018,94.55741882
12/1/2023,189.0995026,147.3249664,147.9063721,367.3722229,443.8564453,238.8300018,94.7875061
12/4/2023,187.3097534,147.7900848,148.9908905,362.1044617,441.5264587,235.5800018,94.27211761
12/5/2023,191.2550964,147.4830933,148.9720154,365.4200439,441.4394836,238.7200012,92.44061279
12/6/2023,190.1674347,145.6878052,147.4065704,361.7709351,439.660553,239.3699951,91.2165451
12/7/2023,192.0956116,144.5529633,147.8592377,363.8800049,443.0153809,242.6399994,90.58148956
12/8/2023,193.5194855,143.6413727,149.4906921,367.0974731,444.9199219,243.8399963,91.62148285
12/11/2023,191.0177917,144.2366943,150.0376434,364.2232666,446.6504822,239.7400055,91.68591309
12/12/2023,192.5306702,144.2460175,151.3767548,367.2445679,448.6904297,237.0099945,90.24095917
12/13/2023,195.744278,144.9157715,151.8859863,367.2347717,454.8778687,239.2899933,91.04166412
12/14/2023,195.8926239,145.9203491,154.6490936,358.9556885,456.3377686,251.0500031,93.48980713
12/15/2023,195.3586731,144.3297424,155.8184662,363.6641846,455.5864258,253.5,92.86397552
12/18/2023,193.6974792,144.5901794,156.7614899,365.5475464,458.1491394,252.0800018,93.554245
12/19/2023,194.7357178,145.5390015,158.8550568,366.1459656,460.9350281,257.2200012,94.7875061
12/20/2023,192.6493225,142.5716705,157.0632935,363.5563049,454.5477905,247.1399994,93.20450592
12/21/2023,192.5009918,144.032074,157.9591522,366.4205933,458.8577271,254.5,93.62786102
12/22/2023,191.4331207,144.6087952,157.8648529,367.4407959,459.7799377,252.5399933,93.7935257
12/26/2023,190.8892517,145.241333,158.7984772,367.5192871,461.721344,256.6099854,94.00521088
12/27/2023,190.9881134,145.4366608,159.7509155,366.9405518,462.5561523,261.4400024,93.56343842
12/28/2023,191.4133301,145.6506042,160.5996857,368.1274719,462.7308655,253.1799927,92.21051788
12/29/2023,190.375061,145.7994537,160.4110565,368.8730164,461.3912964,248.4799957,92.01724243
1/2/2024,183.5621948,148.8039856,162.2783203,363.8015137,458.8092346,248.4199982,94.20768738
1/3/2024,182.1877441,149.7341614,161.5710144,363.5366211,455.0622253,238.4499969,94.99919891
1/4/2024,179.8739471,149.4179382,162.643219,360.9273682,453.5964661,237.9299927,94.17086792
1/5/2024,179.1520996,149.8830261,163.4592285,360.7409363,454.2177429,237.4900055,94.45618439
1/8/2024,183.483078,150.2550812,163.2220459,367.5487061,460.7020874,240.4499969,92.88236237
1/9/2024,183.0677795,150.3481293,161.9315948,368.6277466,460.0031738,234.9600067,91.73194122
1/10/2024,184.1060333,150.5713348,162.2731628,375.4747009,462.6047668,233.9400024,90.8299942
1/11/2024,183.5127411,149.9016113,161.5899963,377.2992554,462.4008789,227.2200012,90.81156921
1/12/2024,183.8390503,151.0550537,160.4039154,381.0661011,462.7211609,218.8899994,91.98963165
1/16/2024,181.5746765,149.3155975,159.3981171,382.8317261,461.0224915,219.9100037,89.90962982
1/17/2024,180.6353149,149.2318573,158.5441742,382.0469971,458.4597778,215.5500031,89.25617218
1/18/2024,186.5187225,149.9574585,158.8572998,386.3631592,462.5367432,211.8800049,89.09050751
1/19/2024,189.4159241,150.3946381,161.5994568,391.0716858,468.3027649,212.1900024,89.22854614
1/22/2024,191.7198639,151.1294861,161.4097137,388.9527893,469.2929688,208.8000031,89.10891724
1/23/2024,192.9953918,148.6551514,160.3469696,391.2972717,470.6615906,209.1399994,90.11210632
1/24/2024,192.3230133,147.8644867,161.7797394,394.8874817,471.1762085,207.8300018,91.66750336
1/25/2024,191.9967194,148.4225922,164.0949554,397.1535034,473.7388306,182.6300049,93.99599457
1/26/2024,190.2662964,148.3667603,163.4687347,396.2314148,473.1369934,183.25,94.79671478
1/29/2024,189.5840149,148.2365417,163.8956909,401.9111023,476.8839417,190.9299927,94.91635895
1/30/2024,185.9353333,147.6877441,167.2546844,400.8026123,476.5151062,191.5899963,96.49937439
1/31/2024,182.3360443,147.80867,165.442337,390.0024414,468.7396545,187.2899933,94.62184906
2/1/2024,184.7685394,147.3063812,164.844574,396.0842896,474.8745422,188.8600006,94.23530579
2/2/2024,183.7698364,145.6785278,165.7934113,403.3824158,479.8737488,187.9100037,93.84874725
2/5/2024,185.579361,144.9250641,165.5751801,397.9186096,478.1264648,181.0599976,93.46219635
2/6/2024,187.1812439,147.0273132,166.1444855,397.7616272,479.5145874,185.1000061,94.10643768
2/7/2024,187.2899933,146.9529114,166.4575958,406.1585083,483.5139465,187.5800018,94.07884979
2/8/2024,186.212204,145.4831848,165.8598175,406.2173767,483.7275391,189.5599976,95.68946075
2/9/2024,186.9745483,145.8180237,166.059082,412.5346375,486.5231628,193.5700073,93.66467285
2/12/2024,185.2913971,146.8319702,166.7991943,407.345459,486.3096619,188.1300049,94.95317841
2/13/2024,183.2023773,145.5482788,165.3474426,398.5758667,479.6116333,184.0200043,94.13573456
2/14/2024,182.3212128,144.8692322,167.0269165,402.4282227,483.9702148,188.7100067,93.67127228
2/15/2024,182.0341187,146.8970642,170.670517,399.5487671,487.3094482,200.4499969,96.3558197
2/16/2024,180.4994965,146.7283478,169.8734894,397.0919189,484.8827209,199.9499969,96.3558197
2/20/2024,179.7569427,147.956192,170.5376587,395.8437805,482.2132263,193.7599945,95.44550323
2/21/2024,180.5094147,148.7247314,171.6478424,395.2443237,482.6499634,194.7700043,97.39620972
2/22/2024,182.5390167,150.3836975,173.7068787,404.5509644,492.6387024,197.4100037,97.31261444
2/23/2024,180.7074127,151.6864929,174.579834,403.2635803,492.9784546,191.9700012,96.45800781
2/26/2024,179.3609161,150.7023621,173.9820404,400.5119019,491.1729431,199.3999939,96.83886719
2/27/2024,180.8163147,150.8804321,174.0674438,400.4529419,492.0853577,199.7299957,96.63449097
2/28/2024,179.6183014,151.4146881,174.9498596,400.6887817,491.4350281,202.0399933,96.90388489
2/29/2024,178.9549866,151.2553711,176.5439606,406.5066833,493.2016907,201.8800049,97.08966827
3/1/2024,177.8758087,151.9489136,175.8133087,408.3346252,497.8319702,202.6399994,98.31583405
3/4/2024,173.3610535,149.8119659,177.1322174,407.7645874,497.2981262,188.1399994,96.94104004
3/5/2024,168.4305573,149.9338074,178.9065857,395.7062073,492.3280334,180.7400055,98.13004303
3/6/2024,167.4404602,149.343338,179.8364716,395.1558533,494.8228149,176.5399933,99.17971802
3/7/2024,167.3216858,148.9028168,178.2613678,402.0843201,499.7345886,178.6499939,99.73706055
3/8/2024,169.0344849,149.5120697,178.5935059,399.2146301,496.7351379,175.3399963,100.6752548
3/11/2024,171.0344238,151.1147308,178.6598969,397.5439453,496.3080139,177.7700043,101.2697678
3/12/2024,171.5096588,152.5299988,180.1306,408.1184082,501.6470337,177.5399933,100.6195221
3/13/2024,169.4305115,150.9929199,181.5918579,407.9415283,500.8605957,169.4799957,101.743515
3/14/2024,171.2819519,149.2214813,178.3562469,417.8869934,499.8705139,162.5,103.5456009
3/15/2024,170.9057007,148.2561035,180.5670776,409.238739,496.4381409,163.5700073,103.3598175
3/18/2024,171.9947815,146.9251709,182.8063965,410.1232605,499.3885803,173.8000031,104.316597
3/19/2024,174.3313599,146.4097137,183.8785858,414.1427002,502.1636658,171.3200073,105.0504227
3/20/2024,176.8956146,145.9879456,186.288681,417.8968201,506.8083496,175.6600037,104.9575424
3/21/2024,169.6681061,145.9785309,188.8790436,421.9653931,508.4831848,172.8200073,105.4219818
3/22/2024,170.5691223,145.4911957,186.5638275,421.3463135,507.5192566,170.8300018,105.4219818
3/25/2024,169.1533051,145.4817963,184.8559113,415.5677185,506.1170654,172.6300049,106.499527
3/26/2024,168.0246429,145.9973145,185.7193756,414.3785706,505.1822815,177.6699982,105.7006683
3/27/2024,171.5888519,148.0499115,189.3155518,414.162323,509.4277344,179.8300018,106.7967758
3/28/2024,169.7770538,148.2654877,190.0556335,413.4645386,509.3303528,175.7899933,107.9765015
4/1/2024,168.3414459,147.8811798,188.7651825,417.2481689,508.4442444,175.2200012,108.6731796
4/2/2024,167.1632538,147.8343201,188.6893005,414.1721802,505.2115784,166.6300049,110.8003845
4/3/2024,167.9651947,144.5820313,188.1579285,413.1992188,505.76651,168.3800049,110.8189545
4/4/2024,167.1434631,142.9324646,186.7263184,410.6736145,499.5930481,171.1100006,111.2091064
4/5/2024,167.8959045,142.829361,188.4442596,418.1817932,504.8122253,164.8999939,112.741806
4/8/2024,166.7771454,142.0795441,189.4272614,417.2678528,505.0946045,172.9799957,111.9800949
4/9/2024,167.9850311,142.7356262,188.1579285,418.9287109,505.678894,176.8800049,112.5653076
4/10/2024,166.1137848,140.7767639,186.5545349,415.9607849,500.615448,171.7599945,113.5127945
4/11/2024,173.3016968,139.4551849,186.5163879,420.5502014,504.3935242,174.6000061,113.1319427
4/12/2024,174.7967072,138.2648926,174.4528656,414.6242065,497.431366,171.0500031,111.8129044
4/15/2024,170.9750214,138.3305206,174.5483246,406.5066833,491.1994629,161.4799957,111.1719437
4/16/2024,167.6978912,135.3874969,172.5536346,407.4304504,490.3036499,157.1100006,110.252327
4/17/2024,166.331604,135.687439,171.8665161,404.7377014,487.4018555,155.4499969,110.1965942
4/18/2024,165.3811188,136.5965576,172.9831085,397.2983093,486.3989868,149.9299927,110.0943985
4/19/2024,163.3614044,138.6304321,177.3256226,392.2371521,482.1535034,147.0500031,111.3577271
4/22/2024,164.1930084,139.7644958,180.7709656,394.0453491,486.593689,142.0500031,111.9893723
4/23/2024,165.2425537,140.1768646,183.3764343,400.5413818,492.3679199,144.6799927,112.425972
4/24/2024,167.3414612,139.2115173,184.2735748,402.0056458,492.1342773,162.1300049,112.4445572
4/25/2024,168.2028351,137.6088257,184.5503387,392.1585388,490.264679,170.1799927,112.7046509
4/26/2024,167.6186981,136.9714813,184.6648712,399.3129272,494.9093628,168.2899933,109.5742264
4/29/2024,171.7769928,137.6088257,184.464447,395.3130798,496.6620789,194.0500031,111.1347809
4/30/2024,168.6384735,135.518692,182.9946747,382.6159058,488.7943726,183.2799988,109.862175
5/1/2024,167.6186981,141.6952515,183.1092224,388.1291504,487.2071533,179.9900055,107.7814255
5/2/2024,171.3116455,140.5142975,182.9183197,390.979187,491.7642212,180.0099945,107.9765015
5/3/2024,181.5588684,139.9051056,181.8207703,399.6470642,497.8598022,181.1900024,107.7535477
5/6/2024,179.9054718,139.2584076,183.2428131,406.4084167,503.0010986,184.7599945,108.4502335
5/7/2024,180.5886078,139.3896027,183.0042267,402.2807922,503.5561523,177.8099976,107.9114685
5/8/2024,180.9252319,139.6051636,186.7263184,403.460144,503.6047974,174.7200012,107.8928909
5/9/2024,182.7370453,140.4487,188.4919739,405.2094421,506.5065918,171.9700012,110.0200958
5/10/2024,181.4779358,140.5049438,189.7040253,407.587738,507.158905,168.4700012,109.5742264
5/13/2024,184.6802063,141.7327728,189.665863,406.5852966,507.2270203,171.8899994,109.5277786
5/14/2024,185.820343,141.8827209,192.319046,409.3763428,509.5543213,177.5500031,110.1926498
5/15/2024,188.0906677,143.0917816,192.8916931,416.533844,515.8640747,173.9900055,111.044838
5/16/2024,188.2096405,144.6007843,193.2352905,414.4761963,514.8027344,174.8399963,110.3799515
5/17/2024,188.2393646,144.9382019,195.4494476,413.7082825,515.5428467,177.4600067,112.037468
5/20/2024,189.3993225,142.925705,186.6595001,418.7588501,516.1366577,174.9499969,111.1291046
5/21/2024,190.6980896,142.8973389,190.4198303,422.4017029,517.4025879,186.6000061,110.3612213
5/22/2024,189.2605286,145.0326996,189.2649841,423.8587646,515.9128418,180.1100006,108.1418228
5/23/2024,185.2750397,141.4422913,187.9384155,420.393219,512.1445313,173.7400055,106.2970123
5/24/2024,188.3484192,138.8628845,191.5555573,423.5043335,515.5328979,179.2400055,106.2127228
5/28/2024,188.3583832,136.4157715,190.4007416,423.6618347,515.8934326,176.75,107.5612183
5/29/2024,188.6557465,136.4724579,189.0741272,422.5296631,512.2806396,176.1900024,106.4093781
5/30/2024,189.647171,137.2661285,190.2385101,408.2539978,508.8824158,178.7899933,106.7465057
5/31/2024,190.5989532,138.579422,193.3879852,408.7068787,513.517395,178.0800018,109.8087006
6/3/2024,192.3636475,139.5904083,192.6149292,407.1217651,513.9360962,176.2899933,107.1772614
6/4/2024,192.6808929,139.64711,190.0762482,409.6323547,514.5106201,174.7700043,105.510376
6/5/2024,194.1878662,137.918045,188.2629089,417.4494324,520.6256104,175,105.9317856
6/6/2024,192.8097687,138.3432007,187.9288788,417.9515381,520.6159058,177.9400024,106.7277832
6/7/2024,195.1990967,138.9668121,190.8302002,417.2919922,519.9829712,177.4799957,105.5853043
6/10/2024,191.4614716,139.0140686,190.505722,421.2496948,521.5895996,173.7899933,105.8943253
6/11/2024,205.3709717,138.6644897,185.4951782,425.9852905,522.8458252,170.6600037,105.0421448
6/12/2024,211.2401428,137.3889313,182.7942505,434.2356567,527.1398315,177.2899933,103.8809586
6/13/2024,212.4001007,137.4267273,184.8271027,434.7475586,528.201355,182.4700012,103.0475006
6/14/2024,210.6651154,137.5117645,184.9416046,435.72229,528.522644,178.0099945,102.1766052
6/17/2024,214.8092346,137.8991394,186.0868835,441.4324951,532.7290649,187.4400024,101.4742584
6/18/2024,212.4496765,137.6156769,188.0147858,439.4339905,534.0826416,184.8600006,102.4294434
6/20/2024,207.8792572,139.6282043,189.6085968,438.8038635,532.6317749,181.5700073,104.6394882
6/21/2024,205.7080688,140.5447083,187.3467102,442.8207703,531.9177246,183.0099945,103.721756
6/24/2024,206.352478,140.8942871,189.8090363,440.7434082,530.1885986,182.5800018,106.8026962
6/25/2024,207.2745056,139.070755,189.0359497,443.9726257,532.2302246,187.3500061,107.102356
6/26/2024,211.4186096,138.7211609,188.4251556,445.1639099,532.8945923,196.3699951,107.1398239
6/27/2024,212.2612915,137.757431,190.0857849,445.8432617,533.7346802,197.4199982,107.5986862
6/28/2024,208.8111725,138.0975647,193.0348358,440.0345459,531.6344604,197.8800049,107.8046951
7/1/2024,214.8885498,138.3621216,196.0793457,449.6631775,532.7284546,209.8600006,107.6548615
7/2/2024,218.3783112,137.9747467,199.3052216,452.1737366,536.3135986,231.2599945,106.9244308
7/3/2024,219.6473083,137.6534882,199.1715851,453.640686,538.7069702,246.3899994,107.4675751
7/5/2024,224.3961639,138.3999023,196.5324554,460.3256226,541.8134155,251.5200043,106.1659012
7/8/2024,225.8634796,137.4550629,196.8971558,459.0260315,542.4385986,252.9400024,105.0515137
7/9/2024,226.7160797,138.9384918,199.2579651,452.4297485,542.9660645,262.3299866,103.8903046
7/10/2024,230.9791565,141.1872101,199.4211121,459.0358887,548.3388672,263.2600098,104.8080444
7/11/2024,225.6156158,141.4422913,199.0852051,447.6646118,543.6109009,241.0299988,106.0535278
7/12/2024,228.5601196,141.6123657,196.6764221,446.5323792,547.0396118,248.2299957,106.0722427
7/15/2024,232.3869629,141.0076752,201.5803986,446.9360657,548.5440674,252.6399994,107.8889694
7/16/2024,232.80336,142.6800385,205.006424,442.5647888,551.7970581,256.5599976,108.6662292
7/17/2024,226.9143829,147.9427643,208.1253815,436.6575623,544.0602417,248.5,110.164566
7/18/2024,222.254715,146.8467712,201.5131836,433.556366,539.8792114,249.2299957,111.2508621
7/19/2024,222.3836212,146.1570435,201.3212738,430.3468018,536.2940674,239.1999969,108.6943283
7/22/2024,222.0366211,145.7318573,201.8010712,436.0865479,541.8231812,251.5099945,107.9451675
7/23/2024,223.0776062,143.9461365,201.8490906,437.96698,540.9732666,246.3800049,106.2033615
7/24/2024,216.663147,147.6593018,200.1792603,422.2637939,528.713501,215.9900055,107.7016907
7/25/2024,215.6221619,150.8339691,200.2559967,411.9262695,525.9587402,220.25,109.9679031
7/26/2024,216.08815,151.7788086,203.6820679,418.6899719,531.8493042,219.8000031,109.8742676
7/29/2024,216.3657379,149.8135681,202.348114,420.1274109,532.1619263,232.1000061,108.7224197
7/30/2024,216.9209442,152.4307709,206.5131226,416.3763733,529.4656982,222.6199951,110.6608734
7/31/2024,220.17276,149.1427307,204.2194977,411.8770142,538.0719604,232.0700073,111.054184
8/1/2024,216.484726,151.8922119,199.574646,410.6562195,530.4523315,216.8600006,109.5184021
8/2/2024,217.9718323,155.0857697,191.1102905,402.1695557,520.5762939,207.6699982,109.4528656
8/5/2024,207.4727783,152.3551636,187.0412445,389.0359802,505.4151001,198.8800049,107.476944
8/6/2024,205.4502716,150.200943,192.2618866,393.4269409,510.0747986,200.6399994,106.9057083
8/7/2024,208.0180511,150.1347961,192.3194733,392.2652588,506.6654053,191.7599945,108.3291168
8/8/2024,211.4780731,151.382019,195.8318939,396.4592896,518.3782349,198.8399963,110.3986816
8/9/2024,214.3829346,151.7599335,197.5017548,399.7378235,520.6640625,200,111.2976761
8/12/2024,215.9114685,151.06073,197.8760376,400.5155945,520.9376831,197.4900055,111.4381409
8/13/2024,219.6236572,149.6529388,199.5554504,407.6042175,529.5048218,207.8300018,110.3705826
8/14/2024,220.070282,149.7379608,201.7627258,410.4100647,531.175293,201.3800049,111.3913116
8/15/2024,223.0479889,150.3143158,203.0198822,415.2626953,540.2797241,214.1399994,112.0804367
8/16/2024,224.3680725,150.5977783,205.3423309,412.737793,541.4910889,216.1199951,111.5517883
8/19/2024,224.209259,150.8245392,206.7626343,415.7558289,546.668457,222.7200012,111.8916321
8/20/2024,224.824646,151.3253021,205.8701324,418.9810181,545.779541,221.1000061,108.1628647
8/21/2024,224.7154541,152.525238,205.9469299,418.3300781,547.6551514,223.2700043,107.4737473
8/22/2024,222.8593597,153.394516,207.89505,409.8577576,543.3568726,210.6600037,108.3044586
8/23/2024,225.1521759,155.0763397,209.5072784,411.0808105,549.130188,220.3200073,109.8054123
8/26/2024,225.4896698,155.5298462,210.3326416,407.8259583,547.821167,213.2100067,112.1559601
8/27/2024,226.3333588,155.1299591,211.3018951,408.1712036,548.5734863,209.2100067,111.089241
8/28/2024,224.8048096,156.0534363,212.3671417,404.9756165,545.388855,205.75,109.9942017
8/29/2024,228.080246,156.3485718,213.250061,407.4610596,545.437439,206.2799988,111.5140381
8/30/2024,227.2960968,157.9003296,215.7355957,411.4260254,550.6443481,214.1100006,111.3346863
9/3/2024,221.1124725,159.1379395,211.4170685,403.8314514,539.3126221,210.6000061,109.0030136
9/4/2024,219.2067719,159.3283539,210.4861755,403.2988281,538.2088623,219.4100037,107.6719818
9/5/2024,220.7254028,157.0720978,208.8547211,402.7958374,536.8997192,230.1699982,106.8318176
9/6/2024,219.1769867,156.4913788,203.8931885,396.1974792,527.8636475,210.7299957,106.3315201
9/9/2024,219.2663116,158.6143341,208.0677948,400.1624451,533.7736816,216.2700043,108.568779
9/10/2024,218.4722595,159.3473969,197.2714233,408.5262756,536.0987549,226.1699982,104.6134415
9/11/2024,221.0032959,156.9102478,198.8740997,417.2451477,541.5986328,228.1300049,103.5750504
9/12/2024,221.1124725,156.7388916,198.2694702,421.1509705,546.1605835,229.8099976,105.0004883
9/13/2024,220.8444824,157.5766602,196.0814362,424.6917114,549.0130005,230.2899933,104.9249573
9/16/2024,214.710495,158.9761353,199.4786682,425.431488,549.8237915,226.7799988,106.3975754
9/17/2024,215.1769562,159.0522766,200.8126068,429.18927,550.0484009,227.8699951,107.7852631
9/18/2024,219.0479889,158.1764221,199.1619873,424.9087219,548.4171753,227.1999969,108.1628647
9/19/2024,227.1670837,156.9102478,201.9930267,432.6808167,557.7753906,243.9199982,109.503334
9/20/2024,226.5020752,156.2819214,202.5784454,429.3076172,556.8112793,238.25,108.8142166
9/23/2024,224.7849579,155.3870392,202.9143372,427.5718079,558.2026978,250,110.7871552
9/24/2024,225.6782532,154.9681396,203.0582733,423.2912292,559.7999268,254.2700043,110.4945221
9/25/2024,224.6856995,152.8927612,201.7147369,426.1909485,558.5652466,257.019989,108.3422241
9/26/2024,225.8271332,153.6448517,201.3212738,425.4019165,560.7798462,254.2200012,106.4825516
9/27/2024,226.095108,153.6543732,202.0122223,422.1569214,559.9664917,260.4599915,109.3334122
9/30/2024,231.2663422,154.2827148,202.3576965,424.4057312,562.2103882,261.6300049,110.655014
10/1/2024,224.526886,154.2160797,198.6917267,414.9273376,557.1738892,258.019989,113.2132263
10/2/2024,225.0926361,153.4354095,198.9316406,411.4161377,557.4090576,249.0200043,114.71418
10/3/2024,223.9909058,152.7975922,196.9546967,410.834198,556.3899536,240.6600037,115.7148132
10/4/2024,225.1125031,152.597641,203.9453735,410.3607483,561.446106,250.0800018,117.8387985
10/7/2024,220.0405121,151.874115,203.6653442,403.9300842,556.3703613,240.8300018,118.3485565
10/8/2024,224.0901794,152.0264435,203.4915466,409.0292664,561.6322632,244.5,115.2050629
10/9/2024,227.8320923,152.9403687,206.0695953,411.7415771,565.5223999,241.0500031,115.2522507
10/10/2024,227.3358002,152.8070984,205.509552,410.1437683,564.5327148,238.7700043,116.243454
10/11/2024,225.8569183,153.7115021,214.6340942,410.6172485,567.913269,217.8000031,116.6871338
10/14/2024,229.5790253,153.8448029,213.8519897,413.3985901,572.5578003,219.1600037,117.130806
10/15/2024,232.1100464,156.2248077,214.7306519,413.0040588,568.109375,219.5700073,113.6097107
10/16/2024,230.0554352,156.3961334,215.9376221,410.4199829,570.5784912,221.3300018,113.9023361
10/17/2024,230.4226685,156.5770416,216.6907501,411.0117493,570.6275024,220.8899994,113.6097107
10/18/2024,233.2514648,157.1958466,217.608017,412.4320679,572.8224487,220.6999969,113.2887421
10/21/2024,234.720459,155.0157623,215.3196411,413.0435181,571.8817749,218.8500061,113.3548203
10/22/2024,234.105072,155.6060028,216.401062,421.6539612,571.5780029,217.9700012,113.9401169
10/23/2024,229.0430298,157.9003296,215.7155304,418.7838135,566.3553467,213.6499939,113.5341873
10/24/2024,228.8544617,155.8154449,217.2314453,418.9120483,567.5802002,260.480011,112.8922653
10/25/2024,229.6881866,153.159317,214.6533966,422.2851563,567.3840942,269.1900024,112.7978668
10/28/2024,231.6633911,153.8448029,217.733551,420.746521,569.1381836,262.5100098,112.2409058
10/29/2024,231.931366,152.4072418,215.2230835,426.0331421,570.0592651,259.519989,110.711647
10/30/2024,228.3879395,152.902298,216.6810913,426.6051331,568.3347168,257.5499878,110.154686
10/31/2024,224.2291107,152.1882782,214.2768555,400.7838135,557.1934814,249.8500061,110.2396545
11/1/2024,221.2514343,152.4453278,215.261734,404.7486877,559.545166,248.9799957,108.512146
11/4/2024,220.3581238,150.6460419,212.210556,402.8648682,558.3399658,242.8399963,111.9671555
11/5/2024,221.7874146,150.7507324,213.8616791,405.8237915,565.0913086,251.4400024,112.297554
11/6/2024,221.0628357,150.3033142,238.5509949,414.4243469,579.1426392,288.5299988,114.2232971
11/7/2024,225.7874298,149.2084656,228.2388306,419.602417,583.6205444,296.9100037,114.3649063
11/8/2024,225.5191498,148.0089417,228.8181458,416.7519836,586.1486816,321.2200012,114.3271561
11/11/2024,222.806488,147.5995941,231.0485992,412.2840271,586.7072144,350,113.7229919
11/12/2024,222.806488,145.3147888,231.3092957,417.2352905,584.8846436,328.4899902,113.6097107
11/13/2024,223.6908112,145.8859711,232.8542023,419.3755493,585.1688232,330.2399902,114.6669846
11/14/2024,226.7711334,144.5817261,233.5397339,421.0424805,581.4061279,311.1799927,114.7431107
11/15/2024,223.5715942,146.6095123,236.8612823,409.3152771,573.9591064,320.7200012,113.5534286
11/18/2024,226.572403,147.3425598,236.5909119,410.0648804,576.3108521,338.7399902,114.5051727
11/19/2024,226.8307648,145.6575012,234.7177429,412.0671082,578.4174805,346,112.9062424
11/20/2024,227.5461731,145.762207,232.4872894,409.798584,578.6135254,342.0299988,114.5146866
11/21/2024,227.0692596,148.0374908,236.3302155,408.0295715,581.7196655,339.6400146,116.0470123
11/22/2024,228.410675,147.7233582,239.9897003,412.111145,583.522644,352.5599976,115.9137726
11/25/2024,231.3916321,148.3040619,241.669754,413.8801575,585.5020752,338.5899963,114.1815872
11/26/2024,233.5677185,148.2848663,241.3607635,422.97229,588.5591431,338.230011,112.2780762
11/27/2024,233.4385376,149.129364,241.1869659,418.0309448,586.7758179,332.8900146,111.9830475
11/29/2024,235.8233032,148.7550964,241.1193848,418.4953918,590.4207764,345.1600037,112.2685623
12/2/2024,238.0689392,148.5535889,237.7689056,425.9272766,591.479126,357.0899963,112.1638641
12/3/2024,241.1095276,146.2120514,236.3881683,426.1446838,591.75354,351.4200134,111.9925537
12/4/2024,241.4672546,144.3983154,235.0170441,432.2917786,595.4280396,357.9299927,108.7661209
12/5/2024,241.4970551,143.4866638,237.0254211,437.4307861,594.4481812,369.4899902,109.2419891
12/6/2024,241.2983093,143.2851105,238.840683,438.3696594,595.5749512,389.2200012,108.0903854
12/9/2024,245.1835022,143.5634308,235.4129333,440.7909241,592.5079956,389.7900085,107.4527054
12/10/2024,246.1970367,143.2083435,234.4956512,438.1324463,590.6658325,400.9899902,107.2338028
12/11/2024,244.9251709,140.7228546,235.1425781,443.7261047,595.2320557,424.769989,106.5199814
12/12/2024,246.3858337,140.3390198,233.2114563,444.2894287,592.1650391,418.1000061,106.4248047
12/13/2024,246.5547333,140.7036591,231.676239,442.0262756,592.0474854,436.230011,105.4920883
12/16/2024,249.4462891,138.0454559,231.3286438,446.2956238,594.5755005,463.019989,103.2364426
12/17/2024,251.8707886,140.5021515,230.15065,449.131958,592.1258545,479.8599854,102.798645
12/18/2024,246.4752502,138.9091492,222.4358215,432.2621155,574.4784546,440.1300049,101.2853546
12/19/2024,248.2042084,137.7863312,224.936615,431.9063416,574.302002,436.1700134,100.4192581
12/20/2024,252.8743896,138.6404266,229.4168243,431.4813843,581.1999512,421.0599976,100.7619019
12/23/2024,253.6494293,139.4081268,230.1796265,430.1472168,584.6803589,430.6000061,101.1711426
12/24/2024,256.5608215,139.9647369,233.9645996,434.1793518,591.1790771,462.2799988,101.2663193
12/26/2024,257.3755493,139.7056122,234.7660065,432.9736633,591.2184448,454.1300049,101.3519745
12/27/2024,253.9673615,139.1970215,232.8638611,425.4825134,584.9949951,431.6600037,101.3424606
12/30/2024,250.5988922,137.556015,231.0775757,419.8493042,578.3192749,417.4100037,100.6572113
12/31/2024,248.8302002,138.7843628,231.4541473,416.5584106,576.215271,403.8399963,102.3798752
1/2/2025,242.3019257,138.2085724,231.7341461,413.6726379,574.7994995,379.2799988,102.1324158
1/3/2025,241.8150177,138.3717346,234.9011993,418.3867188,581.9865723,410.4400024,102.6558762
1/6/2025,243.4446106,137.8631134,233.7559662,422.8339539,585.3391113,411.0499878,102.5416718
1/7/2025,240.672348,140.3293915,236.0075989,417.4181824,578.7223511,394.3599854,103.5029373
1/8/2025,241.1592255,136.5291901,235.9687958,419.5825195,579.5678101,394.9400024,101.770752
1/10/2025,235.3463745,136.3276672,232.8047943,414.0383301,570.7192993,394.7399902,101.3995667
1/13/2025,232.9119263,138.6404266,237.016983,412.2989197,571.604248,403.3099976,104.0168839
1/14/2025,231.7990265,138.9091492,240.1809387,410.7967529,572.390686,396.3599854,104.4261322
1/15/2025,236.3598785,139.1202545,244.9172211,421.3119812,582.8025513,428.2200012,106.1297607
1/16/2025,226.8108826,141.807251,246.7806702,419.6022949,581.6817627,413.8200073,105.9489441
1/17/2025,228.5199585,141.0971222,251.5266418,424.0001221,587.5217285,426.5,106.9006958
1/21/2025,221.2265625,142.1719055,255.282608,423.4763184,592.8995972,424.0700073,106.0917053
1/22/2025,222.4090271,139.4081268,255.0982513,440.9688721,596.232605,415.1099854,104.2453003
1/23/2025,222.240097,140.7228546,258.1166382,441.4728699,599.4868774,412.3800049,104.8353882
1/24/2025,221.3656921,140.8955994,257.0393677,438.8539124,597.7368164,406.5799866,103.4172821
1/27/2025,228.4007416,146.7206573,258.0195923,429.4653015,589.2814941,397.1499939,104.8544159
1/28/2025,236.7473907,144.3119659,259.2716064,441.9571228,594.3448486,398.0899963,102.8271942
1/29/2025,237.8404388,145.0508881,258.7280579,437.144165,591.680481,389.1000061,103.4268036
1/30/2025,236.081665,146.7014771,260.3294678,410.1247253,594.8560791,400.2799988,104.283371
1/31/2025,234.5017548,146.0105286,259.4268799,410.1938782,591.6903076,404.6000061,101.6755905
2/3/2025,226.5624695,145.7418365,258.9512939,406.1024475,587.7084961,383.6799927,101.923027
2/4/2025,231.3220673,147.296463,260.0480347,407.5354309,591.651062,392.2099915,104.6545486
2/5/2025,230.9941711,148.4480438,262.4646606,408.4446716,594.0498657,378.1700134,104.5784073
2/6/2025,231.7394257,147.3156433,268.7440796,410.9449768,596.1146851,374.3200073,103.1983795
2/7/2025,226.1848907,146.9413757,267.6765137,404.946167,590.6580811,361.6199951,103.6361847
2/10/2025,226.4534607,148.0161743,263.0567322,407.387207,594.6693726,350.730011,105.6158371
2/11/2025,231.3973541,149.8299103,266.8903503,406.6163635,595.121582,328.5,106.2820587
2/12/2025,235.6250153,148.9950256,267.3368225,404.2445068,593.2044067,336.5100098,103.0843735
2/13/2025,240.2605133,150.9047394,268.1812134,405.7268677,599.4671631,355.9400024,103.8333817
2/14/2025,243.3143921,149.8491211,268.4432373,403.6416016,599.4377441,355.8399963,103.939003
2/18/2025,243.1850739,149.9264984,271.7043152,404.8374329,601.1975708,354.1099854,105.7635117
2/19/2025,243.5829468,152.7317505,271.0249329,409.9073181,602.6133423,360.5599976,105.91716
2/20/2025,244.5379181,154.4632721,258.9416199,412.0759583,600.1062622,354.3999939,107.5495987
2/21/2025,244.2593994,156.9976807,256.4570007,404.2331238,589.84198,337.7999878,106.2916641
2/24/2025,245.801239,158.3906403,253.6424255,400.0641174,587.157959,330.5299988,106.8486099
2/25/2025,245.7415619,160.6638489,249.8184662,394.0235291,584.237854,302.7999878,105.3697968
2/26/2025,239.0966644,157.7522125,251.1675568,395.8357544,584.5328369,290.7999878,105.110527
2/27/2025,236.0527649,158.3809662,251.4198456,388.7059021,575.2025757,281.9500122,105.7731094
2/28/2025,240.5688934,159.62883,256.8549194,393.1224365,584.178894,292.980011,106.9062195
3/3/2025,236.7789001,161.8149719,252.9436646,384.7052307,573.9442139,284.6499939,103.4780807
3/4/2025,234.6899414,160.0157318,242.8790741,384.8240662,567.1504517,272.0400085,103.2668304
3/5/2025,234.5009613,159.7255554,244.1213684,397.1131592,573.2461548,279.1000061,101.2502747
3/6/2025,234.0931244,160.4123535,239.2783356,393.0234375,563.0703735,263.4500122,103.3436508
3/7/2025,237.8134613,161.244278,235.1438141,389.4782715,566.2262573,262.6700134,104.6880188
3/10/2025,226.2843628,162.2212524,225.3801422,376.4563904,551.1444702,222.1499939,107.3575516
3/11/2025,219.6792908,160.4413757,222.3908539,376.7435608,546.5629272,230.5800018,104.8224564
3/12/2025,215.8395538,157.5297241,221.1873627,379.5361023,549.4631958,248.0899963,104.7936325
3/13/2025,208.5779266,157.6651306,218.5571899,375.079895,542.1386108,240.6799927,104.3519211
3/14/2025,212.3679047,157.4910126,225.5936432,384.7745667,553.3369751,249.9799957,107.4535751
3/17/2025,212.8752136,157.52005,227.0397644,384.913208,557.6040039,238.0099945,109.2396622
3/18/2025,211.5720978,158.8839722,228.049118,379.7836304,551.5770874,225.3099976,109.1244354
3/19/2025,214.1087036,157.6651306,232.0671997,384.041748,557.5842896,235.8600006,110.8241043
3/20/2025,212.9747009,157.6941528,231.9701233,383.0713196,555.9718628,236.2599945,111.294632
3/21/2025,217.122757,158.2842407,234.51297,387.4482727,556.1552734,248.7100067,110.9105225
3/24/2025,219.5698395,157.9553375,240.7535706,389.2505188,566.1151733,278.3900146,111.1986008
3/25/2025,222.5739746,155.759491,243.7331543,391.3102722,567.4760132,288.1400146,111.9572067
3/26/2025,220.3656158,156.436615,243.6361084,386.1708374,560.7012939,272.0599976,113.5704498
3/27/2025,222.6734314,157.8005829,240.8118134,386.7748718,559.2122803,273.1300049,113.2055664
3/28/2025,216.754715,158.361618,235.6970367,375.1096191,547.9506226,263.5499878,113.051918
3/31/2025,220.9624939,160.4220276,238.0748749,371.7328491,551.6288452,259.1600037,114.2042313
4/1/2025,222.0169067,148.2433472,236.4832001,378.4666443,553.1870117,268.4599915,114.3098602
4/2/2025,222.7132263,150.2843933,238.5795746,378.4171143,556.6877441,282.7600098,113.9545517
4/3/2025,202.1220398,154.5987091,221.9541168,369.4750671,529.2538452,267.2799988,107.9625092
4/4/2025,187.3898926,148.2336731,205.3434448,356.3343506,498.2696838,239.4299927,100.1939697
4/7/2025,180.5062408,145.6992798,209.405777,354.3736572,497.3821716,233.2899933,98.84960175
4/8/2025,171.5137634,145.0995178,211.778717,351.1057739,489.5917969,221.8600006,96.76583099
4/9/2025,197.8048401,146.0378265,228.8385925,386.68573,541.0084229,272.2000122,101.5959702
4/10/2025,189.4191589,143.8323364,221.7783203,377.6347961,517.3019409,252.3999939,95.95921326
4/11/2025,197.1085205,146.772995,230.6549225,384.6656799,526.5320435,252.3099976,99.04165649
4/14/2025,201.4555511,149.3170776,229.2096558,384.0318604,531.6401978,252.3500061,99.28172302
4/15/2025,201.0775452,148.6012726,227.6570282,381.972168,530.151123,254.1100006,99.00325775
4/16/2025,193.2489166,148.8817902,224.2196503,367.9896545,518.3668823,241.5500031,100.049942
4/17/2025,195.9446716,152.32547,226.5144806,364.196991,519.1065063,241.3699951,102.6714554
4/21/2025,192.1447449,151.7934418,223.6141968,355.6213989,506.7503357,227.5,101.1638489
4/22/2025,198.6901703,152.5963287,230.0592499,363.2463074,519.9348755,237.9700012,103.9966278
4/23/2025,203.5246429,150.3037567,235.2250671,370.7426147,527.9915161,250.7400055,103.1035843
4/24/2025,207.2748108,149.868454,238.8967896,383.5267944,539.1052246,259.5100098,104.3135071
4/25/2025,208.1800079,149.529892,237.8323822,388.0325317,543.0004272,284.9500122,104.2558975
4/28/2025,209.0355072,150.2747498,237.5101166,387.3492126,543.2073975,285.8800049,104.3135071
4/29/2025,210.099884,150.816452,238.8772583,390.2012024,546.6292725,292.0299988,104.0542374
4/30/2025,211.3831024,151.2033691,238.8772583,391.4092712,546.8462524,282.1600037,101.4327164
5/1/2025,212.1988068,149.4138489,241.0939789,421.2556458,550.7217407,280.519989,101.5767593
5/2/2025,204.2706909,151.019577,246.5820313,431.0393982,558.8966675,287.2099915,101.9896698
5/5/2025,197.844635,149.9361725,246.6308594,431.9207458,555.6918335,280.2600098,99.16650391
5/6/2025,197.4666138,149.4234924,243.3985596,429.0885925,551.0471191,275.3500061,100.5492706
5/7/2025,195.2185059,152.1610413,243.5352783,429.1282349,553.364563,276.2200012,100.4532471
5/8/2025,196.4519958,150.5746307,247.5194855,433.9012451,557.2202759,284.8200073,101.8552322
5/9/2025,197.4865417,149.1816559,247.1386566,434.45578,556.5102539,298.2600098,103.0459518
5/12/2025,209.9570465,149.1042633,253.9450226,444.8831787,574.9014893,318.3800049,104.8224564
5/13/2025,212.0885925,143.5904999,256.8355408,444.7644043,578.6981812,334.0700073,105.110527
5/14/2025,211.4909668,141.5784454,259.4038391,448.5274048,579.4377441,347.6799927,104.1694717
5/15/2025,210.6144562,144.7222748,261.2103882,449.5392761,582.2678223,342.8200073,105.2257996
5/16/2025,210.4252014,146.3860626,261.2786865,450.6702271,585.9559326,349.980011,104.847847
5/19/2025,207.9550018,147.508194,258.6616516,455.2338257,586.5969238,342.0899963,103.1809845
5/20/2025,206.0425873,148.6399536,259.4428406,454.5393372,584.6246948,343.8200073,101.7079315
5/21/2025,201.2914276,148.1756287,254.9117737,448.9837341,574.7732544,334.6199951,100.4577942
5/22/2025,200.5643158,147.6242523,254.5504761,451.2555847,575.0001831,341.0400085,99.78910828
5/23/2025,194.4983826,147.9434662,254.5895386,446.6126709,571.0753174,339.3399963,99.84725189
5/27/2025,199.418869,149.5142212,259.0620117,457.0393677,582.9483032,362.8900146,100.3221054
5/28/2025,199.6280365,148.7142029,257.3042603,453.7357788,579.5757446,356.8999939,98.95567322
5/29/2025,199.1598816,149.8361664,258.1636047,455.0452881,581.8635864,358.4299927,99.5177536
5/30/2025,200.0563354,151.4264526,257.8022766,456.7119751,581.2127686,346.4599915,99.13980865
6/2/2025,200.9029694,151.6118011,258.4468079,458.3092041,584.4866943,342.6900024,99.86663055
6/3/2025,202.4667664,150.6557007,260.0189514,459.3013,587.8197632,344.269989,100.5934601
6/4/2025,202.0185699,149.4849548,258.0171204,460.1941528,587.6619263,332.0499878,99.13980865
6/5/2025,199.8372192,149.9142303,255.8004456,463.973999,584.8218994,284.7000122,98.68431854
6/6/2025,203.1141968,151.250824,259.4916992,466.6525574,590.8275146,295.1400146,101.0489426
6/9/2025,200.6539459,151.4459534,260.4779358,469.0038147,591.3599854,308.5799866,101.7273254
6/10/2025,201.8691406,152.6362305,262.2943115,467.188324,594.7128296,326.0899963,103.9078217
6/11/2025,197.9945068,151.475235,261.8548584,468.8748474,593.0166626,326.4299927,105.9332504
6/12/2025,198.4128571,152.841095,261.9427185,475.0752869,595.3735352,319.1099854,106.340271
6/13/2025,195.6737213,153.2703857,258.7300415,471.1962891,588.7171631,325.3099976,108.6564484
6/16/2025,197.6359406,151.436203,264.01297,475.3431702,594.3182983,329.1300049,109.0053253
6/17/2025,194.8669281,148.6654358,263.192688,474.2518921,589.2398682,316.3500061,110.478363
6/18/2025,195.8032074,147.0556641,267.5284729,476.4344482,589.1509399,322.0499878,109.6933975
6/20/2025,200.2057495,146.1385498,268.5440369,473.6169128,587.767395,322.1600037,111.1567459
6/23/2025,200.7037506,147.6312714,271.7372742,482.1488037,593.5730591,348.6799927,108.2881851
6/24/2025,199.5085144,148.4800568,274.6571045,486.2261963,600.1304321,340.4700012,104.9932175
6/25/2025,200.7635345,148.5678711,277.3913574,488.3691101,600.4666138,327.5499878,105.0222931
6/26/2025,200.2057495,148.3044434,281.9712524,493.5080566,605.1646118,325.7799988,106.592247
6/27/2025,200.2854309,148.6947174,280.369751,492.0100098,608.1712036,323.6300049,106.001091
6/30/2025,204.3592529,149.026413,283.1040039,493.4683838,611.0790405,317.6600037,104.469902
7/1/2025,206.9987946,152.1191406,283.5922852,488.1508484,610.8812866,300.7099915,105.8654099
7/2/2025,211.6005249,151.7678986,285.144989,487.1984863,613.6506348,315.6499939,107.6194992
7/3/2025,212.7061615,152.2069244,290.443573,494.8870544,618.4869995,315.3500061,108.7339706
7/7/2025,209.1203766,151.4849854,286.4892273,493.7759399,613.8779907,293.9400024,107.6776505
7/8/2025,209.1801453,151.9922943,277.4717712,492.6846313,613.5418091,297.8099976,110.6624985
7/9/2025,210.3056793,152.4703674,277.8446045,499.52005,617.2210083,295.8800049,110.2845535
7/10/2025,211.5706482,153.8459778,282.7802124,497.506134,618.961792,309.8699951,111.3796463
7/11/2025,210.325592,153.0752258,281.4751282,499.331543,616.7858276,313.5100098,111.8641968
7/14/2025,207.7956238,152.9972076,283.2806702,499.0339355,617.9627686,316.8999939,110.4008408
7/15/2025,208.2837067,151.3874207,281.17099,501.8117676,615.3220825,310.7799988,109.4220428
7/16/2025,209.3295593,160.7631378,280.4546814,501.6133118,617.3792114,321.6700134,108.7630463
7/17/2025,209.190094,159.0070343,284.4580994,507.6451416,621.1573486,319.4100037,108.2106552
7/18/2025,210.3455048,159.7094879,285.8023987,506.0082092,620.7025146,329.6499939,104.4408188
7/21/2025,211.6403656,160.3534088,285.5080261,506.0181274,621.8793945,328.4899902,104.7121811
7/22/2025,213.5527954,163.8363647,285.9593506,501.2661133,621.9684448,332.1099854,105.1870422
7/23/2025,213.303772,164.9778442,291.1893311,501.8613281,627.2597656,332.5599976,106.5341034
7/24/2025,212.9153137,165.4266357,290.9832458,506.8316345,627.4674683,305.2999878,107.3675385
7/25/2025,213.0348358,164.1973419,293.0144043,509.6392517,630.118103,316.0599976,106.9895782
7/28/2025,213.2041779,162.1680603,292.6807861,508.4388428,629.9598999,325.5899963,107.9974518
7/29/2025,210.4351654,164.0119781,291.4641113,508.5082703,628.2982788,321.2000122,109.3929672
7/30/2025,208.223938,163.1826935,294.0054626,509.1729736,627.5070801,319.0400085,108.4432449
7/31/2025,206.7497864,160.7241211,290.6790771,529.2723389,625.1531982,308.269989,108.1912613
8/1/2025,201.580307,163.2510071,283.9380493,519.9567871,614.9066162,302.6300049,106.2530594
8/4/2025,202.546463,166.8705444,288.7362671,531.3954468,624.2530518,309.2600098,104.0531845
8/5/2025,202.1181488,166.5778961,285.9004822,523.5679932,621.0880737,308.7200012,103.9272003
8/6/2025,212.4073334,166.4315186,285.8808899,520.7802124,625.84552,319.9100037,103.2197495
8/7/2025,219.1605377,167.3486023,281.5536804,516.7127075,625.321228,322.269989,102.6770401
8/8/2025,228.4437256,169.1047211,283.3395081,517.9031982,630.1972046,329.6499939,103.5007858
8/11/2025,226.539093,169.5827942,284.1244812,517.635376,628.9510498,339.0299988,102.5607452
8/12/2025,229.002121,168.5681305,287.3527527,525.0462036,635.6468506,340.8399963,102.8514786
8/13/2025,232.6717529,170.1681824,285.0762939,516.454834,637.8228149,339.3800049,104.2760696
8/14/2025,232.1233063,170.4608459,288.6381226,518.3396606,637.8820801,335.5799866,104.0628662
8/15/2025,230.936676,172.3340454,285.0370178,516.0480347,636.3886719,330.5599976,104.1606827
8/18/2025,230.2386322,171.9535522,286.0575256,513.0023193,636.2501221,335.1600037,104.3856506
8/19/2025,229.9095764,173.4657745,285.2038574,505.7304382,632.7984009,329.3099976,105.0703354
8/20/2025,225.3723907,174.4804077,286.7542114,501.7125549,631.1170044,323.8999939,106.1560593
8/21/2025,224.2655182,174.568222,285.9986572,501.0666199,628.585144,320.1099854,106.8407516
8/22/2025,227.1174622,174.9194489,290.6790771,504.0378418,638.2381592,340.0100098,108.8459091
8/25/2025,226.519165,174.0609131,289.3642273,501.0865173,635.4292603,346.6000061,109.295845
8/26/2025,228.6630859,173.4515686,292.9653625,498.8804626,638.0897827,351.6700134,109.0513153
8/27/2025,229.8397675,173.7464142,293.6620483,503.5509033,639.5436401,349.6000061,110.2837524
8/28/2025,231.9039154,172.4294891,295.418457,506.4326477,641.8085327,345.980011,110.8706284
8/29/2025,231.4851074,174.1198578,295.7618408,503.5012207,637.9810181,333.8699951,111.7900696
9/2/2025,229.0719299,174.9945374,294.0741272,501.9410706,633.2533569,329.3599854,112.1813126
9/3/2025,237.7972412,174.9355774,293.8877258,502.1696472,636.6853638,334.0899963,109.4621353
9/4/2025,239.1035461,175.6824799,298.1168518,504.7731628,642.0063477,338.5299988,109.9414063
9/5/2025,239.0138092,175.3581696,288.8540039,491.8847656,640.1470337,350.8399963,106.8407516
9/8/2025,237.2089233,175.0633392,287.4115906,495.0646362,641.7195435,346.3999939,107.4471817
9/9/2025,233.6888885,173.9134827,292.2588806,495.2732849,643.203186,346.9700012,108.2296906
9/10/2025,226.1501923,172.7636261,294.8983765,497.2210083,645.062561,347.7900085,110.0392303
9/11/2025,229.3810577,175.4269867,299.8241272,497.8569641,650.4230957,368.8099976,109.6871033
9/12/2025,233.409668,174.9945374,301.1488037,506.6910095,650.2055664,395.9400024,109.7066574
9/15/2025,236.0322418,174.3459015,303.1014404,512.1166382,653.6671753,410.0400085,109.8925018
9/16/2025,237.4781494,173.4221039,303.3860168,505.8364258,652.7671509,421.6199951,112.1715393
9/17/2025,238.3157959,174.149353,305.8979492,506.8102417,651.9561157,425.8599854,112.7681961
9/18/2025,237.2089233,171.1616821,307.3501892,505.2501221,655.0023804,416.8500061,111.4379425
9/19/2025,244.8074036,173.1567383,308.8710632,514.6705322,658.246521,426.0700073,110.3522186
9/22/2025,255.3575592,171.2108307,306.5750122,511.2124023,661.3607178,434.2099915,109.5697174
9/23/2025,253.7122345,173.5400238,306.8693542,506.025238,657.7605591,425.8500061,111.4575043
9/24/2025,251.5982056,173.6481323,307.5366211,506.9394226,655.6677856,442.7900085,112.0541611
9/25/2025,256.1453552,174.6702118,307.5660706,503.8390808,652.6429443,423.3900146,113.0616302
9/26/2025,254.7393188,176.6161499,310.1270447,508.2411804,656.381958,440.3999939,114.655983
9/29/2025,253.7122345,178.4932709,309.7640076,511.3613586,658.2266846,443.2099915,111.7216034
9/30/2025,253.9116669,182.2278442,309.5088501,514.6903687,660.7061157,444.7200012,110.2837524
10/1/2025,254.7293396,182.8469849,304.8774719,516.43927,662.9574585,459.4599915,109.5403748
10/2/2025,256.4046021,182.7781982,301.7767944,512.4942627,663.7210693,436,108.85569
10/3/2025,257.2920837,185.3924103,304.2102356,514.0940552,663.7112427,429.8299866,110.7826004
10/6/2025,255.9658508,184.9206696,304.8511047,525.2435303,666.0914917,453.25,111.702034
10/7/2025,255.7564697,185.6381073,303.3819885,520.682312,663.6219482,433.0899963,111.7607269
10/8/2025,257.3319702,186.4243317,299.7732544,521.546875,667.5791626,438.6900024,111.5259705
10/9/2025,253.3233032,187.7904053,301.2522278,519.1123657,665.6452026,435.5400085,110.4402618
10/10/2025,244.578064,187.4365845,296.6772156,507.7443237,647.6542358,413.4899902,108.3079453
10/13/2025,246.961319,187.6134949,303.6580505,510.8148804,657.5919189,435.8999939,109.7849045
10/14/2025,247.0710144,187.5643616,297.8505249,510.3379211,656.7885742,429.2399902,109.8338165
10/15/2025,248.6365814,187.8788452,301.4099731,510.1987915,659.7044067,435.1499939,109.1686859
10/16/2025,246.7519226,188.8125,294.3601074,508.3902588,655.211731,428.75,108.219902
10/17/2025,251.5782623,189.8935699,293.3938293,510.3479004,658.9308472,439.3099976,109.7849045
10/20/2025,261.5001526,190.3849335,298.1265869,513.5376587,665.7840576,447.4299927,110.234848
10/21/2025,262.0286865,188.5766296,292.9303894,514.4021606,665.7741089,442.6000061,110.2446289
10/22/2025,257.7208862,189.6183624,289.9920959,517.2639771,662.3128052,438.9700012,112.200882
10/23/2025,258.8477173,189.1564789,290.4161072,517.2839355,666.2402954,448.980011,113.4431
10/24/2025,262.0785522,187.1220856,296.23349,520.3146973,671.6851807,433.7200012,112.8660049
10/27/2025,268.0516357,187.0238342,299.8915405,528.1749878,679.6094971,452.4200134,113.4039764
10/28/2025,268.2410889,183.7118378,301.0845947,538.6585693,681.4144897,460.5499878,112.5138855
10/29/2025,268.9391479,183.3875275,301.2325134,538.1417847,681.7418823,461.5100098,113.9028168
10/30/2025,270.6343384,185.7953339,305.1074829,522.4511719,674.2440186,440.1000061,112.1813126
10/31/2025,269.6072388,185.6184387,306.7639465,514.5512085,676.4556274,456.5599976,111.8585358
11/3/2025,268.2909851,183.0533752,305.0187683,513.776123,677.7251587,468.3699951,111.2716599
11/4/2025,269.2781982,183.6430511,304.920166,511.0931702,669.6917114,444.2600098,111.6433411
11/5/2025,269.3778992,182.7978363,307.3161316,503.9682617,672.0124512,462.0700073,111.1934204
11/6/2025,269.0089417,183.7511597,309.0317688,493.9715576,664.8021851,445.9100037,111.9954758
11/7/2025,267.712616,183.3580475,309.8106995,493.6933289,665.4567261,429.519989,114.655983
11/10/2025,268.9303284,185.1663666,312.453186,502.8155518,675.8407593,445.230011,115.6341095
11/11/2025,274.739563,190.493042,311.2009277,505.4786682,677.3878784,439.6199951,117.1599884
11/12/2025,272.9628906,191.043396,315.9238892,507.9232178,677.7647705,430.6000061,115.536293
11/13/2025,272.4438171,191.8886108,305.1469727,500.1226196,666.5180054,401.9899902,116.1916351
11/14/2025,271.9048462,192.5569,299.3590698,506.9692383,666.4088745,404.3500061,117.7012634
11/17/2025,266.9639893,196.1440582,296.1644592,504.2961426,660.2002563,408.9200134,116.1127014
11/18/2025,266.9440308,196.5568237,295.217926,490.6824036,654.656189,401.25,117.4447174
11/19/2025,268.0619812,199.0236206,299.0238342,484.0543518,657.1853027,403.9899902,115.7870941
11/20/2025,265.7562561,199.5739899,294.2023315,476.3088379,647.168335,395.230011,115.4614868
11/21/2025,270.9865112,200.389679,293.8473511,470.026825,653.6148682,391.0899963,115.5206909
11/24/2025,275.4083557,202.5026855,293.8276672,471.8984985,663.2351685,417.7799988,114.4254761
11/25/2025,276.4563599,204.4015961,298.7576599,474.8752136,669.4734497,419.3999939,112.9849167
11/26/2025,277.0353088,205.2818298,303.3327026,483.3475342,674.0952148,426.5799866,113.2414551
11/28/2025,278.3328857,204.6488647,308.6965027,489.8286743,677.7747192,430.1700134,114.3761368
12/1/2025,282.5750122,203.0861969,304.5947571,484.5820007,674.6802979,430.1400146,115.076683
12/2/2025,285.6592712,203.165329,303.5693359,487.8275757,675.9300537,429.2399902,113.8433304
12/3/2025,283.6230469,203.0763092,307.7598267,475.611969,678.2706299,446.7399902,116.231102
12/4/2025,280.1794434,200.2575836,311.6742554,478.7081909,678.7665405,454.5299988,115.5798874
12/5/2025,278.2630005,199.713623,310.6290894,481.0178833,680.0557861,455,114.9878922
12/8/2025,277.3746643,199.4070282,310.7966919,488.8430481,678.0127563,439.5799866,114.4353409
12/9/2025,276.6659851,197.7652588,296.3025513,489.8385925,677.4276123,445.1700134,116.6751099
12/10/2025,278.2630005,204.2730255,305.7680664,476.4382935,681.9204102,451.4500122,117.9479294
12/11/2025,277.5144043,207.7049408,312.9363098,481.3265076,683.5072632,446.8900146,117.9479294
12/12/2025,277.763916,209.2577057,314.0603638,476.4084167,676.1581421,458.9599915,117.2375183
12/15/2025,273.6016541,211.8192902,315.5393677,472.7148743,675.1365356,475.3099976,116.1916428
12/16/2025,274.1007385,207.0027466,311.131958,474.2779236,673.2918701,489.8800049,113.1526566
12/17/2025,271.3358765,208.0214386,310.5699158,474.0090942,665.8832397,467.2600098,115.8463058
12/18/2025,271.6852417,206.0236053,308.6176758,481.834259,670.911499,483.3699951,114.9878922
12/19/2025,273.1625061,204.1048889,312.7686768,483.7656555,676.9923096,481.2000122,115.1358871
12/22/2025,270.4674988,205.0444794,318.5663452,482.7701111,681.2098389,488.730011,116.5764465
12/23/2025,271.8549194,203.5213776,321.3666077,484.6915283,684.3233032,485.5599976,117.8295288
12/24/2025,273.3022156,205.4994202,324.5612488,485.8563232,686.7305298,485.3999939,117.6321869
12/26/2025,272.8930054,205.351059,323.3188782,485.547699,686.6608887,475.1900024,117.5236588
12/29/2025,273.2523499,205.2818298,319.2171326,484.9404297,684.2138672,459.6400146,118.9247437
12/30/2025,272.5735474,204.6389618,318.8917847,485.3187256,683.3782959,454.4299927,119.3786163
12/31/2025,271.355835,204.6785278,317.7085571,481.4758606,678.3152466,449.7200012,118.7372742
1/2/2026,270.5074463,205.0741425,320.9229126,470.8432007,679.5585938,438.0700073,121.0165176
1/5/2026,266.7644043,202.0675049,329.3630981,470.7536316,684.0845947,451.6700134,123.6904221
1/6/2026,261.8734741,202.5422363,331.413269,476.3885193,688.1529541,432.9599915,119.4378204
1/7/2026,259.847229,205.212616,323.8660583,481.3265076,685.9347534,431.4100037,116.911911
1/8/2026,258.5596313,203.4916992,326.6393433,475.9902649,685.8651123,435.7999878,121.273056
1/9/2026,258.8890076,202.146637,326.0450745,477.1550903,690.401001,445.0100098,122.9504089
1/12/2026,259.7673645,207.4181213,321.3899841,475.0643921,691.4852295,448.9599915,122.3781281
1/13/2026,260.5658875,211.3049774,307.9298096,468.5832825,690.1026001,447.2000122,124.8546982
1/14/2026,259.4779053,216.1512146,304.9287415,457.3433228,686.7105713,439.2000122,128.4659424
1/15/2026,257.7311707,217.1600189,306.305481,454.635376,688.5806885,438.5700073,127.4102097
1/16/2026,255.0561218,216.2600098,309.4848022,457.821167,688.0037231,437.5,128.16008
1/20/2026,246.2425079,215.8149567,299.8477478,452.5048828,673.9981689,419.25,128.7225037
1/21/2026,247.1907501,215.6171417,299.15448,442.1410217,681.7768555,431.4400024,131.8305511
1/22/2026,247.8894501,216.0918732,300.729248,449.1398621,685.3379517,449.3599854,131.8601532
1/23/2026,247.5800171,217.7237549,294.8757324,463.8841858,685.5865479,449.0599976,133.1724243
1/26/2026,254.9363708,219.0589447,298.164032,468.1950073,689.0681152,435.2000122,133.0441437
1/27/2026,257.7910461,221.9765625,297.440979,478.4493103,691.8134766,430.8999939,135.0076599
1/28/2026,255.964447,225.2205658,297.8965454,479.4946899,691.7438354,431.4599915,135.7476654
1/29/2026,257.8010254,224.7952728,303.4926147,431.578064,690.3711548,416.5599976,138.6386414
1/30/2026,258.9988403,224.755722,302.9676819,428.3823242,688.3121338,430.4100037,139.5167847
2/2/2026,269.5092773,228.2173004,305.196167,421.492981,691.7338867,421.8099976,136.5567474
2/3/2026,268.9802856,230.5415192,311.8420715,409.3868713,685.8850098,421.9599915,141.8157654
2/4/2026,275.9772339,231.8964691,314.2389526,412.3536682,682.5626831,406.0100098,145.6243439
2/5/2026,275.3983459,235.1800232,307.1968689,391.9246521,674.0379639,397.2099915,144.1344604
2/6/2026,277.6042175,237.355896,319.3199463,399.3615417,686.9692383,411.1099854,147.0649109
2/9/2026,274.367218,236.0207062,319.0228271,411.7662964,690.2816162,417.3200073,149.1961517
2/10/2026,273.4280701,235.7338867,315.2392883,411.4377441,688.4613037,425.2099915,149.5710754
2/11/2026,275.2463989,238.2163391,307.8505554,402.5772095,688.3021851,428.269989,153.488205
2/12/2026,261.4891052,241.8658447,299.7487488,400.0584106,677.6687012,417.0700073,148.9192047
2/13/2026,255.5445557,240.7779083,299.6595764,399.540741,678.1461182,417.4400024,147.4491882
2/17/2026,263.6371155,240.6592255,304.1958313,395.1004944,679.2402954,410.6300049,145.2044373
2/18/2026,264.1066895,242.3010101,305.8300476,397.8283691,682.6621094,411.3200073,149.6641541
2/19/2026,260.3401184,244.1999207,305.1069946,397.5988464,680.8616943,411.7099915,149.9522095
2/20/2026,264.3364563,239.8284454,307.8208618,396.371521,685.7855835,411.8200073,146.2870789
2/23/2026,265.934967,243.1416626,294.8262024,383.6390686,678.7827759,399.8299866,149.7436218
2/24/2026,271.8895264,244.8717346,294.4597168,388.1593018,683.7164917,409.3800049,148.2537231
2/25/2026,273.9776001,243.7680817,300.4024048,399.7342224,689.4859009,417.3999939,148.0550842
2/26/2026,272.698761,242.0778046,303.2053833,400.8518066,685.656189,408.5799866,147.5385742
2/27/2026,263.9368286,247.0094299,297.4310608,391.8912048,682.3637085,402.5100098,151.4718933
3/2/2026,264.4763184,247.1386871,294.7172546,397.6886292,682.7516479,403.3200073,153.1802979
3/3/2026,263.5072327,245.339035,297.391449,403.0570068,676.7337036,392.4299927,150.8064117
3/4/2026,262.2783508,243.8973389,296.5297852,404.3242798,681.5083008,405.9400024,148.809967
3/5/2026,260.050415,238.2597656,290.7455444,409.7924194,677.7084351,405.5499878,149.7436218
3/6/2026,257.2229919,239.0253448,286.714447,408.0761414,668.8256226,396.730011,150.1905975
3/9/2026,259.6407776,241.2028198,287.1502686,408.525177,674.6845093,398.6799927,149.4257813
3/10/2026,260.5899048,242.3164368,285.9716187,404.8830872,673.6002808,399.2399902,147.1313629
3/11/2026,260.5699158,241.6005402,284.7731323,404.0049744,672.7548218,407.8200073,150.5580902
3/12/2026,255.5245667,240.6559601,280.1874084,400.9914856,662.5390625,395.0100098,152.4949493
3/13/2026,249.8897705,240.1389465,280.7321472,394.6951294,658.7890015,391.2000122,155.0674744
3/16/2026,252.5872955,241.7993927,283.4261475,399.0856323,665.4934082,395.5599976,156.1699982
3/17/2026,253.9959869,236.7484436,284.1492004,398.5467834,667.2440186,399.269989,157.7393494
3/18/2026,249.7099457,235.9231873,284.9910583,390.9432678,657.9335327,392.7799988,156.5275726
3/19/2026,248.7308502,236.2413635,285.2188416,388.1792297,656.3121338,380.2999878,157.0937347
3/20/2026,247.761734,234.0241089,283.8223572,381.0447083,646.9034424,367.9599915,158.5935516
3/23/2026,251.2585144,234.073822,287.1403198,382.1722717,653.6959229,380.8500061,160.0437164
3/24/2026,251.408371,233.9246826,289.6065369,371.9344177,651.5015869,383.0299988,164.2650604
3/25/2026,252.3874664,238.5580292,292.5977173,370.2381287,655.1322021,385.9500122,162.1593475
3/26/2026,252.6572266,237.871994,288.8736267,365.1790771,643.432373,372.1099854,164.3147125
3/27/2026,248.5709839,239.075058,280.1378784,355.9989319,632.4606323,361.8299866,169.8372345
3/30/2026,246.4029846,241.1034088,281.0589905,358.1842041,630.3460693,355.2799988,170.3139954
3/31/2026,253.5563812,243.0422516,291.3497314,369.3699951,648.6688843,371.75,168.5162048
4/1/2026,255.3946991,242.7240753,292.558075,368.5717163,653.5562744,381.2600098,159.6960754
4/2/2026,255.684433,241.6502533,291.7855225,372.6528625,654.1447754,360.5899963,159.6066742
4/6/2026,258.6217041,239.5920868,294.125,372.0741272,657.2368164,352.8200073,162.2686005
4/7/2026,253.2666626,237.0467377,296.0662537,371.4854126,657.526001,346.6499939,162.8049774
4/8/2026,258.6616821,239.9202118,306.5888367,373.5209961,674.2729492,343.25,155.1668091
4/9/2026,260.2502136,239.9301453,308.9382324,372.2637329,678.1628418,345.6199951,153.9947662
4/10/2026,260.2402344,237.0964508,308.4803162,370.0684814,677.7140503,348.9500122,151.4818115
4/13/2026,258.9614258,236.5993042,312.2732239,383.5393066,684.3369751,352.4200134,151.6109467
4/14/2026,258.5917358,238.727066,309.7247009,392.2604065,692.6755371,364.2000122,148.2338715
4/15/2026,266.1847534,237.3052368,304.5579834,410.3312683,698.1414185,391.9500122,148.0054169
4/16/2026,263.1575317,233.1988525,308.559967,419.3517456,699.8569946,388.8999939,150.9553986
4/17/2026,269.9812622,232.8409119,308.8984375,421.8762817,708.3152466,400.6199951,145.4527435
4/20/2026,272.798645,229.3708801,315.5683899,417.1664734,706.8988037,392.5,146.6843719
4/21/2026,265.9250183,224.8667755,311.596283,423.2433167,702.270813,386.4200134,147.3598022
4/22/2026,272.9185791,224.8071289,311.6161804,431.984375,709.3825073,387.5100098,148.4921112
4/23/2026,273.1783142,229.3311005,310.2921753,414.8514709,706.6295776,373.7200012,149.5151672
4/24/2026,270.8104858,226.1991119,306.8974609,423.702301,712.1054688,376.2999878,147.9060974
4/27/2026,267.3636475,224.0514679,310.2324219,423.901886,713.3322754,378.6700134,147.1909485
4/28/2026,270.4608154,226.4874573,310.0532532,428.3222961,709.8612061,376.019989,149.5449677
4/29/2026,269.9213257,226.0499725,307.8630981,423.5426331,709.7515259,372.7999878,153.6272583
4/30/2026,271.1002502,228.5356903,311.8252563,406.8987122,716.8132935,381.6300049,153.2895508
5/1/2026,279.8821411,225.8908844,311.0686646,413.5443115,718.7982178,390.8200073,151.7201996
5/4/2026,276.5751648,222.917984,306.2702637,412.7260742,716.164978,392.5100098,152.6538696
5/5/2026,283.9184265,224.2602692,308.0124207,410.4909363,721.9102173,389.3699951,153.8358459
5/6/2026,287.2453613,223.3355865,313.4877625,413.0653381,731.9443359,398.730011,147.6875763
5/7/2026,287.175415,221.2376404,304.8964539,419.8606262,729.7001343,411.7900085,145.5917969
5/8/2026,293.0500183,220.0544586,300.7451782,414.2228394,735.7246094,428.3500061,143.5953522
5/11/2026,292.6799927,220.1638184,298.6545715,411.768158,737.4002686,445,148.6708984
5/12/2026,294.7999878,222.9776306,303.5126953,406.8887024,736.2831421,433.4500122,149.614502
5/13/2026,298.8699951,229.102417,298.9034729,404.334259,740.4025269,445.269989,150.548172
5/14/2026,298.2099915,229.4802551,298.5650024,408.5451355,746.2474976,443.2999878,151.75
5/15/2026,300.230011,225.4136353,296.4743958,421.0081482,737.2706299,422.2399902,157.9199982
5/18/2026,297.8399963,227.6109924,299.3813171,422.6246643,736.7519531,409.9899902,160.4900055
5/19/2026,298.9700012,228.6848145,294.3738708,416.5178833,731.8446045,404.1099854,162.5500031
5/20/2026,302.25,228.0087128,300.6257324,420.1499939,739.3452759,417.2600098,156.2799988
5/21/2026,304.9899902,230.4049225,301.6411438,419.0899963,740.8114624,417.8500061,155.2899933
5/22/2026,308.8200073,233,305.0059814,418.5700073,743.723999,426.0100098,154.9199982
5/26/2026,308.3299866,230.1799927,305.3643494,416.0299988,748.6613159,433.5899963,149.8099976
5/27/2026,310.8500061,231.2899933,297.9378052,412.6700134,748.5316162,440.3599854,147.8999939
5/28/2026,312.5100098,230.8000031,295.3992615,426.9899902,752.6609497,442.1000061,146.9600067
5/29/2026,312.0599976,225.3300018,297.9676819,450.2399902,754.5361328,435.7900085,145.2599945
6/1/2026,306.3099976,223.5099945,295.2499084,460.519989,756.5908203,415.8800049,149.3800049
6/2/2026,315.2000122,222.8899994,299.61026,441.3099976,757.6182251,423.7399902,149.5599976
6/3/2026,310.2600098,223.2400055,299.5007935,427.3399963,752.3018799,423.7000122,152.5299988
6/4/2026,311.230011,228.1699982,309.4957581,428.0499878,755.1445923,418.4500122,152.0399933
6/5/2026,307.3399963,232.7700043,310.9691162,416.6700134,735.6547852,391,149.9199982
6/8/2026,301.5400085,232.1600037,309.7147522,411.7399902,737.3204346,408.9500122,151.75
6/9/2026,290.5499878,237,311.2976379,403.4100037,735.1560669,396.6799927,148.9100037
6/10/2026,291.5799866,238.4900055,307.7536011,397.3599854,723.565918,381.5899963,150.6199951
6/11/2026,295.6300049,238.3300018,312.0840759,390.3399963,735.8642578,399.1499939,146.6000061
6/12/2026,291.1300049,240.8699951,319.2816772,390.7399902,739.8439941,406.4299927,147.0099945
6/15/2026,296.4200134,235.6600037,317.9675903,399.7600098,752.8903809,411.1499939,140.9199982
6/16/2026,299.2399902,235.1799927,329.6549377,393.8299866,748.4019775,404.6600037,141.8600006
6/17/2026,295.9500122,234.1999969,331.9645081,378.9100037,739.0560303,396.3800049,140.7400055
6/18/2026,298.0100098,228.3899994,323.7614746,379.3999939,746.7399902,400.4899902,137.8099976
6/22/2026,297.0100098,231.2899933,329.9934082,367.3399963,744.3900146,405.0499878,138.4700012
6/23/2026,294.2999878,239.0800018,332.6414795,373.9400024,733.5800171,381.6099854,139.7299957
6/24/2026,293.0799866,241,331.9545898,365.4599915,733.2399902,375.5299988,136.8999939
6/25/2026,275.1499939,244.8800049,333.6170654,352.8299866,734.2999878,375.1199951,137.5500031
6/26/2026,283.7799988,254.6600037,327.5742798,372.9700012,728.9899902,379.7099915,136.5399933
6/29/2026,281.7399902,258.5100098,327.9127808,368.5700073,741,411.8399963,136.0599976
6/30/2026,289.3599854,253.9700012,325.8619995,373.019989,746.7700195,420.6000061,136.7200012
