Date,AAPL,JNJ,JPM,MSFT,SPY,TSLA,XOM
1/3/2020,-0.009722342,-0.011577896,-0.013196417,-0.012451984,-0.007572062,0.029633258,-0.008039341
1/6/2020,0.00796835,-0.001247541,-0.000795181,0.002585077,0.003814762,0.019254637,0.00767815
1/7/2020,-0.004703082,0.006106692,-0.01700053,-0.009117722,-0.002811819,0.038800525,-0.008183943
1/8/2020,0.016086189,-0.000137582,0.007801076,0.015928228,0.005329729,0.049204826,-0.015080232
1/9/2020,0.021241112,0.002965863,0.003651134,0.012493007,0.006780698,-0.021945012,0.007655379
1/10/2020,0.00226031,-0.002269739,-0.009968152,-0.004627059,-0.002877744,-0.006627298,-0.008887587
1/13/2020,0.0213648,0.004412109,0.008304881,0.012024226,0.006877199,0.097688959,0.009545924
1/14/2020,-0.013503494,0.005628236,0.011661633,-0.007043044,-0.001524793,0.024882822,-0.008596129
1/15/2020,-0.004285444,0.003344004,-0.014985624,0.006476106,0.002260213,-0.036102014,-0.00158951
1/16/2020,0.012526433,0.008094858,0.003876375,0.018323278,0.008318202,-0.009662478,-0.003907903
1/17/2020,0.011071287,0.00654539,0.006921713,0.005596788,0.003112461,-0.005822894,-0.00377805
1/21/2020,-0.006776869,0.000670181,-0.009840538,-0.003590607,-0.001958163,0.071890306,-0.014294211
1/22/2020,0.003569315,-0.006833092,-0.001169583,-0.00480476,0.000120661,0.040862644,-0.005770682
1/23/2020,0.004816016,0.001888596,-0.001024334,0.006155672,0.001147152,0.004635122,-0.006251131
1/24/2020,-0.002882131,-0.001413961,-0.024827821,-0.010076788,-0.008893186,-0.012897603,-0.006739378
1/27/2020,-0.029405518,0.002898984,-0.008411382,-0.016723205,-0.016029559,-0.012039273,-0.023824121
1/28/2020,0.028289512,0.005042149,0.018177383,0.019595774,0.01047947,0.015913383,-0.001390029
1/29/2020,0.020932453,0.006956369,-0.001487615,0.015592671,-0.000826115,0.024854514,-0.008352655
1/30/2020,-0.001448885,-0.001195542,0.012367006,0.028207497,0.003245486,0.102962259,0.010606667
1/31/2020,-0.044339122,-0.009909501,-0.025977062,-0.014758303,-0.018158001,0.01523069,-0.041209998
2/3/2020,-0.002745931,0.008732551,0.007630821,0.024378712,0.007428265,0.198948594,-0.022375922
2/4/2020,0.033013683,0.009522582,0.014395801,0.032916605,0.015241457,0.137256402,-0.012514534
2/5/2020,0.008154061,0.015765021,0.017000836,-0.001221332,0.011548155,-0.171758395,0.046023121
2/6/2020,0.011697257,-0.002987311,0.000145319,0.02073374,0.003364888,0.019409317,-0.013550187
2/7/2020,-0.013592662,-0.010681917,-0.003197531,0.00141573,-0.005330038,-0.001188324,-0.006625834
2/10/2020,0.004749289,-0.000197646,0.004155516,0.026157096,0.007465657,0.031026496,-0.010560941
2/11/2020,-0.00603308,0.000856356,0.001887742,-0.022575332,0.001732916,0.004019261,0.009506245
2/12/2020,0.023747491,-0.005921583,0,0.001463512,0.006442729,-0.009155658,0.012225431
2/13/2020,-0.007120729,-0.006618522,-0.000869715,-0.005413689,-0.001066749,0.047843653,-0.005549232
2/14/2020,0.000246029,0.00026677,-0.003046257,0.008927034,0.001601683,-0.004937756,-0.004595423
2/18/2020,-0.018310667,-0.006594654,-0.013240057,0.010142909,-0.002576545,0.072959713,-0.01269586
2/19/2020,0.014482708,-0.001340877,0.013639087,0.002999283,0.004781123,0.068755809,0.007681965
2/20/2020,-0.010258858,-0.003827146,0,-0.015271508,-0.004108249,-0.019631105,-0.007954815
2/21/2020,-0.022634836,0.010514425,-0.012219196,-0.031612624,-0.010298236,0.001767809,-0.012195106
2/24/2020,-0.047500573,-0.020606829,-0.026875906,-0.043115369,-0.033165559,-0.074594903,-0.046846065
2/25/2020,-0.033871894,-0.008635744,-0.044642733,-0.016501724,-0.030302313,-0.04063374,-0.038324851
2/26/2020,0.015863156,-0.006705572,0.003009607,0.012494704,-0.003678025,-0.026390471,-0.021955999
2/27/2020,-0.065367892,-0.031737224,-0.041613857,-0.070459026,-0.044911866,-0.12814584,-0.060177223
2/28/2020,-0.000584897,-0.033352651,-0.043338617,0.024212925,-0.004201222,-0.016215048,0.032517116
3/2/2020,0.093100486,0.041195809,0.046593612,0.066539227,0.043306326,0.113220343,0.04743376
3/3/2020,-0.031759276,-0.031638352,-0.037524738,-0.047919674,-0.028632365,0.00254161,-0.047883908
3/4/2020,0.046384581,0.058190185,0.024709415,0.036715497,0.042032867,0.005352017,0.021832289
3/5/2020,-0.032436976,-0.010245373,-0.049061307,-0.025095433,-0.033241592,-0.03330223,-0.044067084
3/6/2020,-0.013280031,0.00014072,-0.05168014,-0.028267265,-0.016531076,-0.029066705,-0.048293951
3/9/2020,-0.079091941,-0.039357747,-0.135455382,-0.067772485,-0.078094412,-0.135725257,-0.122247565
3/10/2020,0.072021554,0.038111585,0.077696917,0.06838402,0.051745202,0.061398024,0.037027796
3/11/2020,-0.034730636,-0.069471558,-0.047070515,-0.045302,-0.048748747,-0.017200453,-0.032941651
3/12/2020,-0.098754875,-0.048482398,-0.082430071,-0.094838552,-0.095677217,-0.116172423,-0.114340179
3/13/2020,0.119808395,0.070807353,0.180125059,0.142168954,0.085486022,-0.024850554,0.02528247
3/16/2020,-0.128646842,-0.053317289,-0.149648969,-0.147389924,-0.109423503,-0.185778065,-0.095225545
3/17/2020,0.043969947,0.074412198,0.061113798,0.082336455,0.053992117,-0.033410464,0.067265957
3/18/2020,-0.024479979,-0.011933673,-0.105268867,-0.042096535,-0.050633052,-0.160344041,-0.100244761
3/19/2020,-0.007662131,-0.058610026,0.016807865,0.016453592,0.002125207,0.183876842,0.039553292
3/20/2020,-0.063485412,-0.056355663,-0.021101694,-0.037558977,-0.043094285,-0.000257174,-0.049084915
3/23/2020,-0.021243926,-0.072983671,-0.053533069,-0.009974238,-0.025568302,0.015811747,-0.039401409
3/24/2020,0.100325079,0.072341303,0.118941985,0.090895455,0.090603372,0.162817493,0.126867603
3/25/2020,-0.005508674,0.001845886,0.037317619,-0.009572461,0.014970216,0.067821765,0.052201362
3/26/2020,0.052623026,0.060050376,0.069660851,0.062551006,0.058389737,-0.020565621,0.041029736
3/27/2020,-0.041402286,-0.026941687,-0.071239147,-0.041060911,-0.029785518,-0.026128394,-0.048171249
3/30/2020,0.028537847,0.079977219,0.026006655,0.070340775,0.032475517,-0.023777149,0.014884561
3/31/2020,-0.002040743,-0.014134329,-0.037112343,-0.015727521,-0.014905437,0.043554462,0.012533872
4/1/2020,-0.052616936,-0.01769238,-0.062978633,-0.03550793,-0.045004932,-0.080992391,-0.011588259
4/2/2020,0.01668656,0.033692994,0.037339783,0.020708442,0.023075685,-0.056254665,0.076472234
4/3/2020,-0.014371498,0.00766082,-0.029557916,-0.009210098,-0.014454358,0.056197347,-0.029455513
4/6/2020,0.087237558,0.041663476,0.064366489,0.074367791,0.067166352,0.075477575,0.032134694
4/7/2020,-0.011582172,-0.01631373,0.01319013,-0.010770448,0.001019411,0.056582237,0.019026788
4/8/2020,0.025594471,0.042042461,0.040379742,0.010030959,0.033568652,0.006214994,0.06328777
4/9/2020,0.007216125,-0.014170121,0.089713592,6.07E-05,0.015217036,0.044020157,-0.016419563
4/13/2020,0.019627845,-0.010337528,-0.044472433,0.002240537,-0.009130119,0.136038393,-0.008578835
4/14/2020,0.050503182,0.044787764,-0.027395983,0.049483438,0.029492954,0.090544573,-0.007717264
4/15/2020,-0.009127213,0.011161921,-0.049319454,-0.01047749,-0.021248147,0.028088878,-0.04595817
4/16/2020,0.007945358,0.013612421,-0.038109774,0.030020595,0.004824565,0.021073402,-0.032855787
4/17/2020,-0.013568618,0.01570136,0.089888796,0.008811667,0.027015395,0.011647724,0.10395911
4/20/2020,-0.020756711,-0.002302477,-0.036457116,-0.019820772,-0.017618177,-0.009988248,-0.047200405
4/21/2020,-0.030910339,-0.013120285,-0.029004626,-0.041357226,-0.030363615,-0.07990778,-0.005342139
4/22/2020,0.028803309,0.022113841,0.003256479,0.033965183,0.022195171,0.066096828,0.028564393
4/23/2020,-0.003875051,0.016471256,0.000559778,-0.012103004,-7.19E-05,-0.036169463,0.031331255
4/24/2020,0.028869524,-0.004179591,0.014766761,0.018259626,0.013938615,0.027663245,0.006444055
4/27/2020,0.000706649,-0.00368096,0.043104703,-0.002864576,0.014418637,0.101496222,0.004802557
4/28/2020,-0.01620909,-0.018795481,0.007080647,-0.024360576,-0.004598446,-0.037095477,0.023440956
4/29/2020,0.032845212,-0.007596483,0.02697035,0.044873554,0.026178744,0.040812877,0.05537056
4/30/2020,0.021095906,-0.001331203,-0.021458993,0.010032034,-0.009310963,-0.023272675,-0.020859789
5/1/2020,-0.016099381,-0.011663284,-0.026211552,-0.025891411,-0.026473571,-0.103033713,-0.071659047
5/4/2020,0.014149077,-0.000134944,-0.01190369,0.024459996,0.002758283,0.085367588,0.040333959
5/5/2020,0.015008816,0.008295571,-0.001519359,0.010735891,0.00923945,0.009222448,-0.001114443
5/6/2020,0.010317287,-0.009498217,-0.018804519,0.009847223,-0.006778835,0.018705826,-0.018737396
5/7/2020,0.010345018,-0.00330926,0.010413519,0.005807155,0.012066848,-0.003245695,0.005683007
5/8/2020,0.02380146,0.007520964,0.016335738,0.005882351,0.01654606,0.050484563,0.043851759
5/11/2020,0.015735108,0.002757357,-0.029449578,0.011154151,0.000205323,-0.009921649,-0.009528124
5/12/2020,-0.011427929,-0.013211945,-0.032677677,-0.022651526,-0.01993159,-0.00231727,-0.016714695
5/13/2020,-0.012074303,-6.79E-05,-0.034470937,-0.015122355,-0.017686232,-0.022794373,-0.049637393
5/14/2020,0.006143363,0.003466452,0.041532913,0.004339139,0.011967652,0.015639193,0.0088244
5/15/2020,-0.005912181,0.018965354,-0.018510068,0.014568239,0.004597204,-0.005178426,-0.007091992
5/18/2020,0.023561563,0.00053146,0.052968056,0.009554362,0.030459413,0.018093786,0.079523386
5/19/2020,-0.005778616,-0.009965753,-0.019678785,-0.006922137,-0.01027116,-0.006907343,-0.0308779
5/20/2020,0.019448191,-0.008992107,0.029998728,0.013870728,0.016988076,0.009343957,0.032544723
5/21/2020,-0.007455735,-0.006567869,-0.012701322,-0.012011191,-0.006904004,0.014762845,-0.017853536
5/22/2020,0.006438691,-0.009128368,-0.007762964,0.000436018,0.001899099,-0.012953078,0.000897441
5/26/2020,-0.006773684,0.001316111,0.070973658,-0.01057158,0.012320464,0.002436044,0.029372333
5/27/2020,0.004356913,0.002282491,0.057921154,0.001321719,0.014878948,0.001660845,0.007188244
5/28/2020,0.000440321,0.014355594,-0.014895971,-0.002255055,-0.001844759,-0.017580382,-0.025951233
5/29/2020,-0.000974143,0.012111449,-0.025535838,0.010198514,0.004456017,0.036224403,0.009546614
6/1/2020,0.012297903,-0.010487335,0.013256543,-0.002292087,0.004041634,0.075568831,0.017814059
6/2/2020,0.004629381,0.007201877,0.003346653,0.011376742,0.008279923,-0.018416629,0.022255872
6/3/2020,0.005505152,0.002698051,0.053977725,0.0024336,0.013308381,0.001588044,0.040794452
6/4/2020,-0.008612273,-0.012916462,0.020811363,-0.01316337,-0.002626975,-0.021042854,-0.002843055
6/5/2020,0.028481223,0.003885196,0.045002029,0.023398222,0.025629768,0.024618806,0.081059278
6/8/2020,0.005912451,-0.003598309,0.019958421,0.006196136,0.01208743,0.072556068,0.031273459
6/9/2020,0.031577982,-0.005518861,-0.025650029,0.007645209,-0.007456913,-0.009737634,-0.022287125
6/10/2020,0.0257274,0.012605629,-0.040528193,0.037091808,-0.005579634,0.089702057,-0.053625065
6/11/2020,-0.048010383,-0.046887385,-0.083443273,-0.053698546,-0.057649033,-0.050934105,-0.088252575
6/12/2020,0.008633523,0.009086204,0.027363124,0.007891894,0.011975818,-0.038608633,0.021437895
6/15/2020,0.012367208,-0.006331122,0.01381792,0.006391745,0.009335785,0.059468763,-0.000636021
6/16/2020,0.02650228,0.022725736,0.008000185,0.024505147,0.019247911,-0.008850491,0.022486273
6/17/2020,-0.001391803,-0.00304572,-0.025279225,0.003461252,-0.004154352,0.009835722,-0.032572551
6/18/2020,0.000398391,-0.004235594,-0.005428201,0.010708534,0.000385108,0.012270734,0.006219013
6/19/2020,-0.005714605,0.002928564,-0.011421118,-0.005959976,-0.00571472,-0.003047852,-0.020033858
6/22/2020,0.026163507,-0.003058998,-0.01083715,0.027773747,0.006415078,-0.006574093,0.009569228
6/23/2020,0.021344779,-0.003696241,0.012196082,0.006681146,0.004603544,0.00750256,0.006031644
6/24/2020,-0.017651864,-0.021279905,-0.033391017,-0.020157764,-0.025508621,-0.040857298,-0.047109227
6/25/2020,0.013275604,-0.001072545,0.034861199,0.012636568,0.010720353,0.026154012,0.015056147
6/26/2020,-0.030726013,-0.013317286,-0.054817801,-0.020015885,-0.023751258,-0.026613159,-0.034314372
6/29/2020,0.023046763,0.008925317,0.004427993,0.010747197,0.014697391,0.051691108,0.01604733
6/30/2020,0.008347509,0.011435713,0.011397941,0.025549029,0.012809739,0.069807315,0.009025345
7/1/2020,-0.001891227,-0.001777621,-0.008505192,0.005847621,0.00700477,0.036876807,-0.022584961
7/2/2020,0,0.004202635,0.003248012,0.007620688,0.005506802,0.079517341,0.008464931
7/6/2020,0.026750161,0.014258467,0.025253661,0.021526352,0.015437041,0.134793937,0.007032666
7/7/2020,-0.003103085,-0.000909155,-0.028210569,-0.01162781,-0.010313395,0.013327689,-0.025906542
7/8/2020,0.023290101,0.002940045,0.0106152,0.021992852,0.007648286,-0.0172535,-0.002312835
7/9/2020,0.004300443,-0.005444014,-0.021650423,0.00700056,-0.005692675,0.020792456,-0.041260891
7/10/2020,0.0017493,-0.000842325,0.054666641,-0.003032661,0.010210403,0.107847765,0.031189387
7/13/2020,-0.004613334,0.019947962,0.014334942,-0.030888665,-0.008658921,-0.030809585,0.000234321
7/14/2020,0.016548572,0.018662692,0.005734804,0.006181238,0.012958946,0.013185863,0.033052222
7/15/2020,0.006877301,0.002298399,0.015477048,-0.001487621,0.009187342,0.019257581,0.012707002
7/16/2020,-0.01230499,0.006677501,0.002807643,-0.019803792,-0.003293655,-0.029346504,-0.007842253
7/17/2020,-0.002020338,0.000670054,-0.018498212,-0.005100258,0.002899387,0.000133305,-0.017163655
7/20/2020,0.021074077,0.001674013,-0.008761013,0.042981211,0.008081361,0.094720288,-0.023437461
7/21/2020,-0.013801691,0.000935977,0.021685107,-0.013468815,0.002127652,-0.045429074,0.050588521
7/22/2020,0.002809172,0.001802972,-0.007242601,0.014371131,0.005692178,0.015283477,-0.023292613
7/23/2020,-0.045516527,-0.002666396,0.002938502,-0.043494679,-0.011931672,-0.049776153,0.002064163
7/24/2020,-0.002477185,-0.009959331,-0.007072024,-0.006122128,-0.00644041,-0.063493394,-0.006178603
7/27/2020,0.023700258,-0.006345985,-0.014041852,0.012667544,0.007292544,0.086520806,0.014736293
7/28/2020,-0.0164273,-0.002378355,0.004334555,-0.008977305,-0.006342443,-0.040991123,-0.011799584
7/29/2020,0.019168022,-0.001974974,0.02425001,0.010098111,0.01229855,0.015320072,0.011021996
7/30/2020,0.012100278,0.002047213,-0.026685275,-0.00078419,-0.00356804,-0.007751257,-0.049057475
7/31/2020,0.104688956,-0.007354872,-0.003916949,0.005443955,0.007902326,-0.038138048,0.005015355
8/3/2020,0.0251974,0.010908178,-0.005587808,0.056241043,0.006952234,0.037909893,0.004040113
8/4/2020,0.006678123,-0.000881947,-0.005723301,-0.015008516,0.003862832,0.001346781,0.028875791
8/5/2020,0.003624693,0.008015057,0.017373336,-0.001641106,0.006210704,-0.001331501,0.008741452
8/6/2020,0.034889192,-0.005727897,0.000308258,0.016013889,0.006684347,0.003070674,-0.004789006
8/7/2020,-0.022735732,0.007116382,0.022007669,-0.017887885,0.000718214,-0.024751945,-0.004583159
8/10/2020,0.014534871,-0.003836061,0.012678534,-0.019907441,0.002988959,-0.023500915,0.024631834
8/11/2020,-0.029739948,-0.007160828,0.031597829,-0.023385443,-0.00825501,-0.031144061,0.010334991
8/12/2020,0.033234306,0.018303436,-0.008476179,0.028567067,0.013942607,0.131236395,-0.000226626
8/13/2020,0.017697636,-0.011091783,-0.005537016,-0.002342073,-0.001807859,0.04260465,-0.024495692
8/14/2020,-0.000891331,0.001621565,0.000390438,0.000957982,2.97E-05,0.018328197,0.004417728
8/17/2020,-0.002610596,0.005059096,-0.026364463,0.006606315,0.0031763,0.112030582,-0.012963208
8/18/2020,0.008332701,0.007383335,-0.013940351,0.00575425,0.002160648,0.028028374,-0.004924721
8/19/2020,0.001254679,0.001998791,0.002339281,-0.006067083,-0.004163725,-0.004536059,-0.01107706
8/20/2020,0.022189596,0.006848591,-0.011973717,0.023271452,0.00311347,0.065636437,-0.015252581
8/21/2020,0.051532361,0.008849549,-0.000513497,-0.007269963,0.003547278,0.024052927,-0.007502773
8/24/2020,0.011960384,0.002635978,0.02815452,0.003144927,0.010133517,-0.017453806,0.029505202
8/25/2020,-0.008203702,-0.000591268,0.004397257,0.013009645,0.003499182,0.004537751,-0.031738187
8/26/2020,0.013599163,0.001578079,-0.014029756,0.021619764,0.010025768,0.064166192,-0.021282116
8/27/2020,-0.011954531,0.004465179,0.032899443,0.024553489,0.002186404,0.039746079,-0.006748227
8/28/2020,-0.001619926,0.004314,0.004103658,0.010283121,0.006459282,-0.011323299,0.023905222
8/31/2020,0.033912052,-0.001496701,-0.025104655,-0.014765535,-0.003622458,0.125689055,-0.018431696
9/1/2020,0.039832556,-0.012319895,-0.000499221,0.007715211,0.009418404,-0.046696908,-0.01276917
9/2/2020,-0.020718434,0.01524496,0.015079223,0.019272126,0.014464339,-0.058267565,-0.006086903
9/3/2020,-0.080060676,-0.027822745,-0.003148252,-0.061946947,-0.034414503,-0.090238492,-0.002041455
9/4/2020,0.000661819,-0.00641922,0.021612441,-0.014035641,-0.008164514,0.027813247,-0.00076681
9/8/2020,-0.067294963,-0.008950576,-0.034775775,-0.054095887,-0.027322765,-0.210628243,-0.023029757
9/9/2020,0.039886424,0.016569192,0.009507545,0.042583681,0.019747156,0.109233494,-0.006024231
9/10/2020,-0.032645601,-0.018637298,-0.010310104,-0.028018414,-0.017363719,0.013814583,-0.025032833
9/11/2020,-0.013128895,0.005921912,0.012420972,-0.006524619,0.00050905,0.003716263,-0.002702777
9/14/2020,0.029999699,0.003857289,0.013851832,0.006763544,0.013171321,0.125831771,-0.006504048
9/15/2020,0.001560637,0.003640169,-0.031131058,0.016406139,0.005052409,0.071826851,-0.010638427
9/16/2020,-0.029513717,-0.003291245,0.004230375,-0.017865537,-0.00396877,-0.017787298,0.042459776
9/17/2020,-0.015963746,-0.008288556,-0.011434534,-0.010436468,-0.008795425,-0.041493125,-0.000264776
9/18/2020,-0.031719905,0.01365758,-0.002130414,-0.012419366,-0.011512384,0.044210418,-0.016137595
9/21/2020,0.030325801,-0.027349354,-0.030910216,0.010729114,-0.011129782,0.016374512,-0.02043558
9/22/2020,0.015715773,-0.006133814,-0.010911741,0.024094042,0.010184822,-0.055986947,-0.024704865
9/23/2020,-0.041946181,0.001595068,-0.01622965,-0.032928304,-0.023191293,-0.103410907,-0.032085424
9/24/2020,0.010268782,0.001592466,-0.000862824,0.012961721,0.002665542,0.019534146,-0.002035707
9/25/2020,0.037516192,0.006843134,0.008741441,0.022786552,0.016166931,0.050413851,0.009323985
9/28/2020,0.023868864,0.009954757,0.028779565,0.007795266,0.016609344,0.034025594,0.019342022
9/29/2020,-0.007567737,-0.000339783,-0.008423735,-0.010408798,-0.005445895,-0.005056919,-0.029170288
9/30/2020,0.015075776,0.012375835,0.009648681,0.014812289,0.00758179,0.02371912,0.001458793
10/1/2020,0.008462159,-0.010478414,0.007271565,0.010126965,0.006419899,0.044637749,-0.034955171
10/2/2020,-0.032280283,-0.007330876,0.009487485,-0.02951143,-0.009494189,-0.073790692,-0.004527488
10/5/2020,0.03079104,0.013607477,0.021136475,0.020321258,0.017732839,0.025512532,0.023044169
10/6/2020,-0.028669427,-0.013289925,-0.01029927,-0.02124747,-0.014215821,-0.027485394,-0.010373336
10/7/2020,0.016966996,0.011076069,0.017445318,0.019037668,0.017406493,0.027344297,0.003294381
10/8/2020,-0.000955788,0.00683015,0.020555507,0.003573971,0.008862749,0.001457783,0.052537025
10/9/2020,0.017395995,0.013969858,-0.005698644,0.024836224,0.008929962,0.018970775,-0.014747244
10/12/2020,0.063520395,0.005762715,0.012253174,0.025902457,0.016087363,0.019124395,-0.003166501
10/13/2020,-0.026527454,-0.022918902,-0.016204533,0.006594436,-0.006525577,0.009834933,-0.011839527
10/14/2020,0.000743365,-0.001752252,-0.005556659,-0.00897437,-0.006283654,0.032799718,-0.002045609
10/15/2020,-0.003960822,-0.006145038,0.014966895,-0.005433122,-0.001235611,-0.026923907,0.008785087
10/16/2020,-0.014000662,0.006183033,-0.002064394,0,-0.00060437,-0.02051768,-0.010159895
10/19/2020,-0.025541693,-0.025523289,-0.01684562,-0.024765681,-0.01520345,-0.020106014,-0.019941403
10/20/2020,0.013191952,0.001593418,0.005711419,0.002007424,0.004005604,-0.020634588,0.008378231
10/21/2020,-0.005446125,-0.004289158,-0.009963107,0.000698714,-0.001893019,0.001659033,-0.016023751
10/22/2020,-0.009583649,0.007990482,0.035322554,0.000418935,0.00548547,0.007453065,0.051266618
10/23/2020,-0.006133785,0.00110273,0.00903966,0.006235716,0.003395444,-0.012118552,-0.02008039
10/26/2020,8.70E-05,-0.008744313,-0.024756789,-0.028441789,-0.018480066,-0.0008321,-0.023711786
10/27/2020,0.013472306,-0.005695834,-0.018866043,0.015089373,-0.003447764,0.01046916,-0.01589231
10/28/2020,-0.046312347,-0.033461388,-0.02808811,-0.049566075,-0.034178758,-0.043938975,-0.038086448
10/29/2020,0.037050513,-0.00845607,0.006525667,0.010064737,0.010163466,0.011846701,0.044346131
10/30/2020,-0.056017897,-0.000583173,0.008953322,-0.010990173,-0.010425,-0.055473052,-0.010615967
11/2/2020,-0.000827019,0.011523535,0.022542018,-0.000691469,0.011208717,0.032135827,0.041999086
11/3/2020,0.015353517,-0.001369927,0.031521028,0.020263709,0.017655832,0.058400617,-0.017064026
11/4/2020,0.040836722,0.006497994,-0.030557814,0.048248919,0.02234951,-0.006888485,-0.005387613
11/5/2020,0.035493732,0.002582674,0.040897407,0.031886897,0.019502436,0.040643301,-0.001805647
11/6/2020,-0.001135991,0.017816262,-0.013320269,0.001925523,-0.000228435,-0.018580656,-0.01175761
11/9/2020,-0.019967977,0.026924388,0.135392334,-0.023824391,0.012565576,-0.020211658,0.126601732
11/10/2020,-0.003009041,0.015060233,-0.003250941,-0.033792698,-0.001466272,-0.025874743,0.022185237
11/11/2020,0.030352463,-0.003237402,-0.014932813,0.026254807,0.007428452,0.01649772,-0.010309561
11/12/2020,-0.002343319,0.003383244,-0.012284329,-0.005125855,-0.009700965,-0.012873746,-0.034265057
11/13/2020,0.000419771,0.010788897,0.006262618,0.0049665,0.013844844,-0.007917146,0.024126956
11/16/2020,0.008720247,0.006337695,0.028225715,0.003325605,0.012482084,-0.001003718,0.057649626
11/17/2020,-0.007564311,-0.009943741,-0.010144677,-0.012751485,-0.005378204,0.082138793,0.01336494
11/18/2020,-0.011391252,-0.01325758,-0.007406875,-0.013183746,-0.012034709,0.101967759,-0.037755279
11/19/2020,0.005168244,-0.001560623,0.002689755,0.006348342,0.004210175,0.025953518,0.005106103
11/20/2020,-0.010957687,-0.005300951,-0.008566956,-0.009556661,-0.006847838,-0.019348255,-0.012299496
11/23/2020,-0.029742665,-0.010182299,0.028803303,-0.001331046,0.005994681,0.065848275,0.065511424
11/24/2020,0.011594441,0,0.046237224,0.017848027,0.016113456,0.064252179,0.066565225
11/25/2020,0.007466749,-0.001320883,-0.010460457,4.70E-05,-0.00154163,0.033526586,-0.027870261
11/27/2020,0.004826664,0.002227487,-0.006637689,0.006358657,0.002785043,0.020487796,-0.015192624
11/30/2020,0.021099507,0.004721941,-0.027553149,-0.005389547,-0.00442721,-0.03100244,-0.051256435
12/1/2020,0.030827484,0.019145788,0.015778688,0.009996956,0.010937381,0.030232565,0.009703671
12/2/2020,0.002933439,0.004679599,0.019208117,-0.003885281,0.002103536,-0.027258999,0.037402817
12/3/2020,-0.001137357,0.005805207,-0.006555209,-0.005246909,-0.00027248,0.043177071,0.006759919
12/4/2020,-0.005612529,0.008523674,0.009072924,0.000560442,0.008617678,0.00953853,0.036557929
12/7/2020,0.0122699,-0.008650976,-0.003759765,-0.000326822,-0.002054802,0.071314133,-0.018713836
12/8/2020,0.005090839,0.017318585,0.000984456,0.008026609,0.002926017,0.012652698,0.03276292
12/9/2020,-0.020903754,0.010227995,-0.007786952,-0.019489797,-0.008968845,-0.069859043,0.013257608
12/10/2020,0.01198894,-0.005552031,-0.006443607,-0.006043274,-0.000327138,0.037370958,0.028270655
12/11/2020,-0.006734874,0.004597589,-0.005903473,0.013014907,-0.001172629,-0.027237767,-0.004771441
12/14/2020,-0.005146696,-0.025367849,-0.010538516,0.004408196,-0.004476881,0.048918853,-0.036073045
12/15/2020,0.050090468,0.010062526,0.017075249,-0.000326917,0.01351892,-0.010284032,0.019422125
12/16/2020,-0.000547456,-0.005977427,0.002908992,0.024050748,0.001569625,-0.01654954,0.015334721
12/17/2020,0.006963733,0.026391255,-0.008287185,0.000638542,0.005591986,0.053197819,-0.005034553
12/18/2020,-0.015850893,0.005793696,-0.004930288,-0.003782725,-0.003992952,0.059612779,-0.017249464
12/21/2020,0.012395172,-0.009643389,0.037537879,0.01829907,-0.00357541,-0.064949682,-0.018253872
12/22/2020,0.028464518,-0.001960497,-0.01521651,0.006064994,-0.001685566,-0.014649269,-0.01692484
12/23/2020,-0.006975785,-0.005107305,0.027944502,-0.013039396,0.000898709,0.008807772,0.012851173
12/24/2020,0.00771202,0.003488319,-0.004397612,0.007827659,0.003890341,0.024443495,-0.004069918
12/28/2020,0.035765765,0.004722165,0.006585261,0.009921265,0.008590976,0.002901307,0.003365963
12/29/2020,-0.013314948,0.006201273,-0.002632926,-0.003600673,-0.001907749,0.003465524,-0.011260434
12/30/2020,-0.008526318,0.012391521,0.002799856,-0.01101942,0.001426623,0.043228866,0.007995799
12/31/2020,-0.007703107,0.008522849,0.013640988,0.003338279,0.005080782,0.015673981,-0.009134528
1/4/2021,-0.024718992,-0.005591435,-0.009443931,-0.021265966,-0.013613848,0.034151972,0.006793067
1/5/2021,0.01236343,0.011756848,0.005441413,0.000964515,0.00688737,0.007317369,0.048192778
1/6/2021,-0.033661217,0.009410244,0.046955736,-0.025929206,0.005978533,0.028390302,0.025517088
1/7/2021,0.034123113,0.003378536,0.032839336,0.028456868,0.014857286,0.079446564,0.007846007
1/8/2021,0.008631527,-0.002057598,0.001104034,0.006092853,0.00569804,0.078402995,0.011120918
1/11/2021,-0.023248997,-0.004186683,0.014923875,-0.009698575,-0.00674115,-0.078214117,0.030356329
1/12/2021,-0.001395442,-0.007780477,0.015719429,-0.011770705,0.000211331,0.047152948,0.022203301
1/13/2021,0.016226372,-0.001517715,0.000927055,0.006560358,0.002693102,0.005850951,0.011278223
1/14/2021,-0.015126949,0.017480472,0.005842681,-0.015346244,-0.003502005,-0.011013523,0.039033553
1/15/2021,-0.013730653,-0.002178541,-0.017921923,-0.001737146,-0.007292884,-0.022295854,-0.048101882
1/19/2021,0.005427308,0.015470893,-0.004327777,0.017822926,0.007852006,0.022259629,0.019836879
1/20/2021,0.032856067,-0.002457338,-0.014995456,0.036499705,0.01383867,0.006985998,0.014127899
1/21/2021,0.036658111,-0.004002929,-0.008384333,0.0028082,0.000911612,-0.006420156,-0.028669663
1/22/2021,0.016073844,0.011253402,-0.007713503,0.004356173,-0.003539371,0.001952643,-0.01413402
1/25/2021,0.027683924,0.014857931,-0.012482248,0.01584414,0.003943885,0.040347806,-0.01117429
1/26/2021,0.001678966,0.027111695,-0.004087042,0.012199004,-0.001560754,0.002599919,-0.021962178
1/27/2021,-0.007683751,-0.015251264,-0.028271792,0.002453325,-0.024440431,-0.021436085,-0.011336213
1/28/2021,-0.034985118,0.007624726,0.017597219,0.025890888,0.008600004,-0.03324624,0.015656053
1/29/2021,-0.037420513,-0.03564689,-0.011067372,-0.029171724,-0.02001942,-0.050153735,-0.026486853
2/1/2021,0.016520188,-0.002574484,0.007383253,0.033152334,0.016645321,0.058321673,0.00178402
2/2/2021,0.006336758,-0.008973131,0.030782091,-0.000584133,0.014140133,0.039270727,0.015805917
2/3/2021,-0.007778498,-0.004651199,0.011451447,0.014571246,0.000786444,-0.020738065,0.039228572
2/4/2021,0.025757728,0.009283379,0.023013181,-0.004073973,0.011365648,-0.00549912,0.019190263
2/5/2021,-0.003097946,0.015186213,-0.00195329,0.000785087,0.003935868,0.00263535,0.033519439
2/8/2021,0.001096817,0.002858111,0.015654624,0.001114681,0.007221802,0.013130297,0.043043058
2/9/2021,-0.006573694,0.00818598,-0.003995957,0.005361668,-0.000665638,-0.016168322,-0.011711915
2/10/2021,-0.004558342,0.003247356,0.000573222,-0.00389716,-0.000435408,-0.052550944,0.009677978
2/11/2021,-0.001920496,-0.004495956,-0.002792503,0.006877565,0.001614744,0.00849879,-0.025038985
2/12/2021,0.001776123,0.003131313,0.014216793,0.002045086,0.004939889,0.005494901,0.013643579
2/16/2021,-0.016104221,-0.009064321,0.024070958,-0.005265571,-0.000866017,-0.024383661,0.030087276
2/17/2021,-0.017643959,0.003574004,0.003111003,0.004359577,0.000229552,0.002423867,0.015564725
2/18/2021,-0.008636323,0.00048273,0.00337661,-0.00167899,-0.004256038,-0.013493691,-0.015704801
2/19/2021,0.001233438,-0.016652432,0.016690931,-0.011567371,-0.001766033,-0.007721834,0.006728242
2/22/2021,-0.029799021,-0.000617454,0.009390821,-0.026808275,-0.007691685,-0.085498459,0.036853273
2/23/2021,-0.001110959,-0.008834207,0.008031512,-0.005287639,0.001214339,-0.021917429,0.013811971
2/24/2021,-0.004052278,0.013400481,0.017595266,0.005487222,0.011019527,0.061788073,0.029972697
2/25/2021,-0.034782565,0.001045745,-0.01357197,-0.023704979,-0.024095787,-0.080590825,-0.016578311
2/26/2021,0.002231562,-0.026419155,-0.026524771,0.014804225,-0.005152864,-0.009850152,-0.024928479
3/1/2021,0.053851255,0.00542679,0.022626967,0.019623027,0.024240375,0.063552911,0.037336971
3/2/2021,-0.020893781,-0.001882619,-0.003255805,-0.012957078,-0.007803323,-0.044527636,-0.005850855
3/3/2021,-0.024456345,-0.017608103,0.019332277,-0.026980726,-0.013245679,-0.048423758,0.008025326
3/4/2021,-0.015811905,-0.020163603,-0.015368485,-0.003647577,-0.012375164,-0.048622182,0.038747433
3/5/2021,0.010738145,0.019794954,0.002324598,0.021479405,0.018396752,-0.037799314,0.037813005
3/8/2021,-0.041673347,0.00832784,0.013252957,-0.018177785,-0.004978539,-0.058449673,-0.000984632
3/9/2021,0.040649657,0.00190592,-0.007063057,0.02810156,0.01427755,0.196412076,-0.015442812
3/10/2021,-0.009166665,0.009194663,0.021734767,-0.005817591,0.00622459,-0.008195069,0.030702433
3/11/2021,0.016502805,-6.30E-05,-0.005221346,0.020265143,0.010138996,0.047211342,-0.007446968
3/12/2021,-0.007625591,0.002890643,0.011858323,-0.005819411,0.001346782,-0.008390502,0.010765036
3/15/2021,0.024456795,0.00513811,-0.00499521,-0.00398722,0.005963711,0.020483461,-0.025496251
3/16/2021,0.01274298,0.005921882,-0.011971291,0.012350314,-0.001261301,-0.043873772,-0.021195519
3/17/2021,-0.00645063,-0.003718279,0.010292603,-0.002818603,0.003409806,0.036830743,0.004398479
3/18/2021,-0.033905116,-0.001865968,0.016506525,-0.026662255,-0.014549588,-0.069320728,-0.043119413
3/19/2021,-0.004480092,-0.002679573,-0.015921444,-0.001603646,-0.00185042,0.002618005,-0.005633168
3/22/2021,0.028335724,0.002874055,-0.026878836,0.024484493,0.007985156,0.02310383,-0.010266986
3/23/2021,-0.006888845,-0.000934609,-0.010002021,0.006737562,-0.007870915,-0.011701465,-0.012341284
3/24/2021,-0.019993549,0.009729003,0.007761014,-0.008923139,-0.005083549,-0.048160587,0.020282657
3/25/2021,0.004163804,0.000370348,0.01281365,-0.013250836,0.005625607,0.016056627,-0.002839791
3/26/2021,0.005141222,0.01827507,0.016650634,0.017818705,0.016115045,-0.033854382,0.027233809
3/29/2021,0.001485072,0.006730103,-0.015539706,-0.005243455,-0.000505058,-0.011992667,-0.005371626
3/30/2021,-0.012274513,-0.006203278,0.011789652,-0.01441076,-0.002653037,0.039801079,-0.012369454
3/31/2021,0.018765469,-0.003999862,-0.01456509,0.016907194,0.004053256,0.050832206,-0.015170062
4/1/2021,0.006958778,-0.009248337,0.009722148,0.027908787,0.01079902,-0.009252456,0.027941827
4/5/2021,0.023577268,0.003684506,0.005300539,0.027728516,0.014353184,0.044276591,-0.015508036
4/6/2021,0.002462192,-0.00024471,-0.007030008,-0.00485812,-0.000590749,0.000824776,-0.00283175
4/7/2021,0.013390519,0.001346615,0.015667866,0.008230415,0.001157514,-0.029857428,0.004437561
4/8/2021,0.019233331,-0.003911814,0.001226402,0.013405375,0.004746523,0.019121596,-0.01042613
4/9/2021,0.020252068,-0.010553655,0.00747811,0.010266443,0.007270184,-0.009915156,-0.002321459
4/12/2021,-0.013233139,0.002418263,-0.002111889,0.000234762,0.000364774,0.036867412,-0.006622424
4/13/2021,0.024306742,-0.013363098,-0.011926638,0.010081327,0.002963687,0.085956904,0.003783885
4/14/2021,-0.01785336,0.002759039,-0.018690106,-0.01121898,-0.003415057,-0.039471667,0.028899396
4/15/2021,0.018708185,0.00293876,0.00634854,0.015298022,0.010742223,0.009040931,-0.005931659
4/16/2021,-0.002528017,0.011534602,0.007425814,0.004778436,0.003342525,0.001258703,-0.005615791
4/19/2021,0.005068615,0.002773429,-0.004239969,-0.007670685,-0.004912884,-0.033996585,-0.003176917
4/20/2021,-0.012830214,0.023295872,-0.022142449,-0.001855028,-0.007321723,0.006101017,-0.021069528
4/21/2021,0.002930205,0.00066081,0.00850813,0.008983041,0.009462129,0.034951793,0.012841506
4/22/2021,-0.011685519,-0.008463926,-0.021057551,-0.013085781,-0.00913314,-0.032830697,-0.01303577
4/23/2021,0.018038526,0.002058483,0.019135808,0.015475946,0.010842273,0.013491908,0.005427912
4/26/2021,0.002977822,-0.008458209,0.002463629,0.001531631,0.002087734,0.012064715,0.001979415
4/27/2021,-0.002449397,-0.005727431,0.004582699,0.001606,-0.000215249,-0.045326479,0.013110606
4/28/2021,-0.006027333,-0.007353964,0.006479444,-0.028285804,-0.000287715,-0.014672094,0.030136492
4/29/2021,-0.00074858,0.013705347,0.019444463,-0.008052982,0.006372828,-0.025057552,0.014283155
4/30/2021,-0.015133235,-0.008952198,-0.008892512,-0.001306978,-0.006570329,0.04791724,-0.028842571
5/3/2021,0.008214905,0.015239691,-0.002926013,-0.001269002,0.002156604,-0.034590633,0.027602958
5/4/2021,-0.035385147,0.015495718,0.013823928,-0.016159668,-0.006169112,-0.016498741,0.006290289
5/5/2021,0.001955262,-0.004172333,0.013120544,-0.005327173,0.000312597,-0.003948959,0.03007302
5/6/2021,0.012802713,0.004010096,0.020124451,0.013226871,0.007985672,-0.011029339,0.009512651
5/7/2021,0.005327347,0.004530872,0.003422964,0.010931555,0.007277892,0.013307461,0.014297262
5/10/2021,-0.02580461,0.010504318,-0.000124474,-0.020914026,-0.009902465,-0.064443731,0.002402808
5/11/2021,-0.007410332,-0.008163402,-0.016622845,-0.003843269,-0.008924383,-0.018822279,-0.031799435
5/12/2021,-0.024938584,-0.004026661,-0.00687514,-0.02936279,-0.021245196,-0.044248213,0.005358349
5/13/2021,0.017919824,0.010463797,0.025722214,0.016861813,0.012012191,-0.030853204,-0.012325203
5/14/2021,0.01984486,0.00152966,0.015541569,0.021067429,0.015355408,0.031573033,0.024789246
5/17/2021,-0.009258534,0.000998871,0.004024282,-0.011968575,-0.002544633,-0.021890983,0.023366759
5/18/2021,-0.011245618,0.000351812,-0.014088523,-0.008565099,-0.008615674,0.001802946,-0.028300169
5/19/2021,-0.001281787,-0.002170683,-0.00763797,0.002473904,-0.002621725,-0.024936384,-0.023994694
5/20/2021,0.021012097,0.005821099,-0.001738002,0.013820458,0.01075797,0.041387128,-0.002373685
5/21/2021,-0.014767053,-0.000642977,0.01137832,-0.005314959,-0.000818577,-0.010054917,0.001359641
5/24/2021,0.013314282,0.003825506,0.005410242,0.022882071,0.010194287,0.044002226,0.011710652
5/25/2021,-0.001573654,-0.002755912,-0.010333788,0.003748496,-0.002218726,-0.002885668,-0.022647286
5/26/2021,-0.000394003,-0.005938249,-0.000123468,-0.000913917,0.001984454,0.023879958,0.011671928
5/27/2021,-0.01237686,-0.001537735,0.015571885,-0.008668185,0.000524914,0.01892984,-0.0064473
5/28/2021,-0.005347958,0.002606618,-0.000669326,0.001484094,0.001788849,-0.008924523,-0.00324453
6/1/2021,-0.002648282,-0.021979519,0.011020407,-0.009131823,-0.000880895,-0.002111269,0.035806157
6/2/2021,0.00627622,0.004047456,6.00E-05,-0.000404109,0.001572646,-0.030100952,0.007939186
6/3/2021,-0.012154211,-0.000962266,0.000662434,-0.006429338,-0.003711468,-0.053344764,0.003938213
6/4/2021,0.01902216,-0.000421833,0.001625002,0.020674647,0.009145832,0.045754471,0.004413372
6/7/2021,7.95E-05,-0.00680837,-0.004686428,0.012041951,-0.000970207,0.010149432,-0.006509536
6/8/2021,0.006671983,-0.00879641,-0.003983884,-0.004885456,0.000213225,-0.002544922,0.017690405
6/9/2021,0.003077138,0.013464778,-0.012484743,0.004038448,-0.001491866,-0.007968981,0.008369536
6/10/2021,-0.008023349,0.008998074,-0.015588871,0.014393086,0.004648469,0.018938502,0.001596305
6/11/2021,0.009832765,-0.012688491,-0.000686026,0.002527161,0.001652442,-0.000377018,-0.009243213
6/14/2021,0.024577738,0.002484967,-0.016968955,0.007755097,0.002239098,0.012789222,-0.001608261
6/15/2021,-0.00643755,-0.005321045,-0.015168155,-0.005887236,-0.001834451,-0.029675083,0.036410388
6/16/2021,0.003933792,-0.000364734,0.007024453,-0.003793047,-0.005583234,0.009193156,-0.003575319
6/17/2021,0.012600979,0.004804374,-0.028860281,0.013676197,-0.000331694,0.019392615,-0.032917296
6/18/2021,-0.010091494,-0.019610021,-0.025303049,-0.00563421,-0.013490227,0.010882243,-0.025649362
6/21/2021,0.014103435,0.011482949,0.016968264,0.012334856,0.014315591,-0.003978801,0.036258355
6/22/2021,0.012698456,-0.001342844,-0.001462177,0.010965833,0.005346239,0.004638984,0.019172336
6/23/2021,-0.002089774,-0.006050439,0.006058274,-0.000903698,-0.001205187,0.052684766,0.007368135
6/24/2021,-0.002169083,0.004549874,0.009197838,0.005352589,0.005915686,0.035411303,0.004045735
6/25/2021,-0.002248777,0.005141934,0.01009747,-0.006261827,0.003552318,-0.011694312,0.002170083
6/28/2021,0.012546153,-0.00115714,0.001817992,0.013961312,0.002015637,0.025079266,-0.025518347
6/29/2021,0.011500098,6.11E-05,-0.001231282,0.009973221,0.000538281,-0.011557682,-0.00618925
6/30/2021,0.004621457,0.004328163,0.009082395,-0.001842103,0.000841608,-0.00155708,0.007345905
7/1/2021,0.002263181,0.007405795,0.00990144,0.002583493,0.00553664,-0.002618823,0.002853529
7/2/2021,0.019596439,0.0181971,-0.000960828,0.022275713,0.007643635,0.001445637,-0.00142285
7/6/2021,0.014718653,-0.005977007,-0.016791646,3.62E-05,-0.001821713,-0.02845781,-0.028494422
7/7/2021,0.017954949,0.008572896,0.001173407,0.008175182,0.003534078,-0.022635629,-0.015642776
7/8/2021,-0.009199352,-0.001947676,-0.017253743,-0.008966547,-0.008147823,0.012658037,-0.004469626
7/9/2021,0.013054889,0.003962266,0.031999594,0.001874229,0.01067472,0.006341837,0.018124271
7/12/2021,-0.004203856,-0.001590446,0.014315919,-0.002230543,0.00358196,0.043762819,-0.000979816
7/13/2021,0.00788952,-0.001238881,-0.014873411,0.013198179,-0.003409158,-0.025025527,-0.004740795
7/14/2021,0.024100356,0.006793607,-0.003405123,0.00544495,0.001492313,-0.022676263,-0.022174922
7/15/2021,-0.00449228,-0.012029235,0.002192187,-0.00523897,-0.003415498,-0.004254796,-0.009742876
7/16/2021,-0.014075656,-0.001603274,-0.022835636,-0.000996193,-0.007843619,-0.009806317,-0.027650475
7/19/2021,-0.026914565,-0.007257661,-0.032519346,-0.013321228,-0.014767744,0.003104482,-0.034368593
7/20/2021,0.02597381,0.00940769,0.018643317,0.008339006,0.01433025,0.022097783,0.01102077
7/21/2021,-0.0051315,0.006174311,0.021040496,0.007446487,0.00809627,-0.00788802,0.032165866
7/22/2021,0.009628624,0.002890654,-0.012625853,0.016844304,0.002094147,-0.009202008,-0.011253388
7/23/2021,0.01198887,0.010648248,-0.001921361,0.012336384,0.010287942,-0.009056425,-0.001225905
7/26/2021,0.002894562,0.000465988,0.006704533,-0.002139999,0.00245495,0.02213307,0.025245454
7/27/2021,-0.01490006,0.004596501,-0.001318726,-0.008683637,-0.004557748,-0.019524948,-0.011114682
7/28/2021,-0.012195993,-0.002780111,0.001650556,-0.001116534,-0.000409963,0.003412035,0.006744113
7/29/2021,0.004552385,0,0.008569752,0.000977906,0.004147594,0.046941188,0.012194942
7/30/2021,0.001510478,0.000116386,-0.007974099,-0.00554993,-0.004856639,0.014541929,-0.023078445
8/2/2021,-0.002330932,0.000406233,-0.004018643,-0.00031586,-0.002097947,0.032697929,0.000173923
8/3/2021,0.012644237,0.012305918,0.01137797,0.008075402,0.008135433,9.86E-05,0.010767602
8/4/2021,-0.002782477,-0.005905896,-0.010792242,-0.00212445,-0.004918934,0.001662549,-0.02336776
8/5/2021,0.000748666,0.001903501,0.012629034,0.010505464,0.00633292,0.005218642,0.006333348
8/6/2021,-0.004766887,-0.003339182,0.028403544,-0.000206928,0.001652483,-0.021731523,0.011538611
8/9/2021,-0.00034226,0.003465826,-0.001079695,-0.003903876,-0.000813699,0.020969779,-0.01140699
8/10/2021,-0.003354016,0.000345578,0.012267243,-0.006555157,0.001244031,-0.005281893,0.017133189
8/11/2021,0.00178571,0.000172628,0.011930415,0.001780906,0.002484896,-0.003056357,0.002921678
8/12/2021,0.020773399,0.008055227,0.003909103,0.009966625,0.00299694,0.020386528,-0.002261501
8/13/2021,0.001410313,0.005993269,-0.011187322,0.01048964,0.001819845,-0.007033557,-0.010113239
8/16/2021,0.013547781,0.009020748,-0.006563228,0.005975881,0.002354662,-0.043225497,-0.014620557
8/17/2021,-0.006153879,0.009165762,-0.01208107,-0.005159866,-0.006555241,-0.02981765,-0.006792856
8/18/2021,-0.025501019,-0.012703834,-0.009107259,-0.006119186,-0.010944866,0.034970157,-0.02105817
8/19/2021,0.002323231,0.007788117,-0.008356139,0.020775449,0.001548067,-0.022525688,-0.030520477
8/20/2021,0.010156161,0.004872138,0.002851966,0.025575226,0.007957083,0.010082057,0.000189711
8/23/2021,0.010257515,-0.004316752,0.012797292,0.000952904,0.008796735,0.038279518,0.041145181
8/24/2021,-0.000601065,-0.012499168,0.006190228,-0.006663352,0.001587265,0.003100647,0.008195204
8/25/2021,-0.008421324,-0.006613984,0.020612508,-0.002015666,0.002098324,0.003825046,0.001806253
8/26/2021,-0.005527287,-0.00533778,0.005158231,-0.009668761,-0.005902908,-0.014116976,-0.013523167
8/27/2021,0.007184421,-0.002135004,0.008037071,0.002106628,0.008940706,0.015346012,0.019374782
8/30/2021,0.030417201,0.004221596,-0.016007495,0.012912029,0.00439767,0.026674353,-0.010937704
8/31/2021,-0.008424725,-0.003051898,-0.003054166,-0.005632607,-0.001481518,0.006580834,-0.011602558
9/1/2021,0.004478756,0.00352321,-0.001437975,-0.000165589,0.000531257,-0.002215523,-0.013756571
9/2/2021,0.007474834,0.006849138,0.004633352,-0.002253015,0.003076792,-0.002315788,0.024363117
9/3/2021,0.004230589,0.000628984,-0.00604528,-3.30E-05,-0.000242662,0.001611133,-0.00381257
9/7/2021,0.01548929,-0.01553936,-0.001755571,-0.003188281,-0.003575665,0.026377839,-0.005832104
9/8/2021,-0.010083729,-0.002437525,-0.004459533,0.000100128,-0.001218176,0.00126175,-0.009165867
9/9/2021,-0.006705007,-0.022280086,0.004353173,-0.009859835,-0.004280367,0.001313231,0.00074023
9/10/2021,-0.033101845,-0.006544903,-0.011495722,-0.005180759,-0.007884395,-0.024627038,-0.002033771
9/13/2021,0.003893644,-0.007007222,0.015887309,0.004328495,0.002559148,0.009140662,0.025750294
9/14/2021,-0.009562208,-0.006031545,-0.01745288,0.009428235,-0.005396525,0.00200535,-0.014267566
9/15/2021,0.006143656,0.003762,0.006939688,0.016778519,0.008352629,0.015231899,0.033711805
9/16/2021,-0.001610572,-0.001208912,-0.000442693,0.001311831,-0.001585068,0.001534762,-0.010634469
9/17/2021,-0.018347555,-0.002844603,-0.002593673,-0.017528304,-0.009741058,0.003302533,-0.011823711
9/20/2021,-0.021361358,-0.005705435,-0.029933756,-0.018574714,-0.016674412,-0.038604843,-0.026649694
9/21/2021,0.003428039,0.004395238,0.0001308,0.001699187,-0.000944473,0.012613531,-0.000931344
9/22/2021,0.016872292,-0.003646989,0.019152931,0.012821979,0.009754715,0.016987181,0.029269294
9/23/2021,0.006719285,0.005673375,0.033801229,0.003282373,0.012149989,0.002260815,0.033870691
9/24/2021,0.000613067,-0.003032968,0.011539824,-0.000701178,0.00164729,0.02753306,0.008934854
9/27/2021,-0.010550126,-0.007240337,0.02416609,-0.017304151,-0.002860896,0.021914063,0.029692564
9/28/2021,-0.023801273,-0.002206132,-0.005389821,-0.03620352,-0.020151893,-0.017438356,0.010455374
9/29/2021,0.006483215,0.007432053,-0.000782982,0.001692933,0.001683219,0.004822779,-0.000667563
9/30/2021,-0.009311715,-0.015364065,-0.013618311,-0.007323755,-0.012222427,-0.007461809,-0.017702126
10/1/2021,0.008126808,-0.006377649,0.021015112,0.025468083,0.011884242,-0.000335289,0.035872131
10/4/2021,-0.024605633,-0.00778969,-0.001076873,-0.020719563,-0.012896173,0.008139621,0.012965693
10/5/2021,0.014158651,0.002261082,0.016330323,0.019956951,0.010404967,-0.00120285,-0.001620199
10/6/2021,0.006306961,0.00206791,0.002134468,0.015064654,0.004156131,0.002767142,-0.018338212
10/7/2021,0.009084354,0.008942523,0.006330478,0.005936215,0.008645546,0.01387426,0.002810465
10/8/2021,-0.002721748,-0.002541188,0.00076439,0,-0.001823641,-0.010231835,0.025057639
10/11/2021,-0.000629709,-0.004225671,-0.021031934,-0.002102799,-0.007239729,0.008211529,-0.009971038
10/12/2021,-0.009102768,-0.015974798,-0.007680853,-0.004588443,-0.002461391,0.017400267,-0.005198157
10/13/2021,-0.004239736,0.009575621,-0.026366871,0.011711622,0.003597575,0.006652379,-0.002775898
10/14/2021,0.020225269,0.005716256,0.015341689,0.021733929,0.016820521,0.008926471,0.01522833
10/15/2021,0.00751228,0.007432198,0.019208472,0.004822459,0.007615805,0.030196,0.009516165
10/18/2021,0.011806483,-0.007315671,-0.000360156,0.010124559,0.002960664,0.032122245,-0.000479332
10/19/2021,0.015079932,0.02341994,0.012128461,0.00305899,0.007714758,-0.006711861,0.01502561
10/20/2021,0.003361379,-0.00054923,0.013466344,-0.002660435,0.003927772,0.001770314,0.005511597
10/21/2021,0.001473629,-0.002319868,-0.007843964,0.010897574,0.00260815,0.032571011,-0.018167615
10/22/2021,-0.005285002,0.001958341,0.013451481,-0.005148967,-0.001036155,0.017539108,0.006859377
10/25/2021,-0.000336075,0.002198614,-0.004889836,-0.003331325,0.005362706,0.126615984,0.019486538
10/26/2021,0.00457477,0.010178351,0.002690921,0.006425968,0.000900091,-0.00627405,0.023154759
10/27/2021,-0.00314758,-0.012126979,-0.020828476,0.042113824,-0.004430023,0.019078439,-0.025972181
10/28/2021,0.024991746,-0.00543514,0.015074985,0.003651437,0.009648741,0.037750749,0.002806861
10/29/2021,-0.018156066,0.000183973,-0.002758601,0.022414074,0.002029121,0.034316294,0.002488113
11/1/2021,-0.005607194,0.000859456,-0.000530158,-0.006784781,0.001720193,0.084910228,0.017992614
11/2/2021,0.007116039,0.015764831,0.003945802,0.011415793,0.004043069,-0.030274995,-0.012341675
11/3/2021,0.00979877,-0.003200633,0.0003519,0.002611444,0.006105151,0.035716738,-0.013730512
11/4/2021,-0.003498804,-0.002786646,-0.013135277,0.00730535,0.004712672,0.013222298,0.007508284
11/5/2021,0.003582428,-0.007108116,-0.001426039,-0.001129486,0.003469617,-0.00635817,0.009470582
11/8/2021,-0.005552705,-0.003426681,0.006009845,0.00276755,0.000853759,-0.04840071,0.010765917
11/9/2021,0.002459654,-0.00221041,-0.007571209,-0.003086159,-0.003305234,-0.119903033,0.009738308
11/10/2021,-0.01916313,0.010830187,-0.00095389,-0.015329863,-0.00804522,0.043429452,-0.019700519
11/11/2021,-0.000338177,-0.007366105,-5.98E-05,0.004927516,0.000323708,-0.004157529,0.001869183
11/12/2021,0.014336992,0.011959035,-0.004474224,0.012905224,0.007546821,-0.028293102,-0.007619321
11/15/2021,6.65E-05,-0.009029794,-0.00179798,-0.00193049,0.000342355,-0.019382244,0.008618111
11/16/2021,0.006666832,-0.005198266,-0.007204566,0.010235871,0.003957702,0.040793768,0.010097863
11/17/2021,0.016490029,0.003749975,-0.005382165,0.000678687,-0.002429152,0.032501208,-0.010919851
11/18/2021,0.028536117,-0.005389289,-0.008633943,0.006339924,0.003396607,0.00676761,-0.010884636
11/19/2021,0.016976118,0.003017309,-0.013063389,0.005391723,-0.001788452,0.037103918,-0.046219146
11/22/2021,0.00292733,-0.01316222,0.021315038,-0.009559725,-0.002815034,0.017422122,0.013845477
11/23/2021,0.002422111,0.006199241,0.023912274,-0.006326865,0.001325939,-0.041352933,0.02633712
11/24/2021,0.003283532,-0.002800623,-0.007844296,0.000681213,0.002669778,0.006284772,0.005544007
11/26/2021,-0.03167866,-0.006489996,-0.030126813,-0.024355553,-0.022303083,-0.030537595,-0.035129319
11/29/2021,0.021873754,0.003454415,-0.004322908,0.021080947,0.012266763,0.050900228,0.005551346
11/30/2021,0.0315777,-0.023912318,-0.014885582,-0.017942387,-0.019457747,0.006833823,-0.028413944
12/1/2021,-0.003206261,0.013788288,-0.005918366,-0.001543056,-0.011107143,-0.043467635,-0.000835492
12/2/2021,-0.006129839,-0.006262662,0.021027464,-0.00178721,0.015316079,-0.009497739,0.024920559
12/3/2021,-0.011724265,0.014577657,-0.018112982,-0.019666719,-0.008701151,-0.064198761,-0.006364196
12/6/2021,0.021502708,0.022336982,0.011813694,0.009845064,0.011843295,-0.005872086,0.011331979
12/7/2021,0.035446148,0.002577358,0.015047598,0.026763433,0.020684797,0.042358371,0.011204859
12/8/2021,0.022783161,0.005998872,-0.011441349,0.000149359,0.002647927,0.016363196,0.002890798
12/9/2021,-0.002970105,0.009492492,-0.001555654,-0.005582598,-0.006751412,-0.060956446,0.002562065
12/10/2021,0.028013347,-0.00247115,-0.003988337,0.028339895,0.009413545,0.013179927,0.006388366
12/13/2021,-0.020674171,0.017886251,-0.011888487,-0.009167025,-0.008858428,-0.04977243,-0.021901211
12/14/2021,-0.008023277,0.010922954,0.007661975,-0.032586829,-0.006880042,-0.008174578,-0.00146012
12/15/2021,0.028509146,0.004991413,-0.007478093,0.019217755,0.015625038,0.018236618,-0.004387344
12/16/2021,-0.03926408,0.010926914,0.015638816,-0.02913477,-0.008818599,-0.050277133,0.00163213
12/17/2021,-0.006501631,-0.027628678,-0.022754173,-0.003385588,-0.010643032,0.006095449,-0.021834903
12/20/2021,-0.008122107,-0.002853166,-0.017989222,-0.012013824,-0.010633113,-0.034989271,-0.014492693
12/21/2021,0.019087247,-0.003218997,0.013966324,0.02306928,0.017758745,0.042880563,0.022650501
12/22/2021,0.015318474,0.004306063,0.003907948,0.018057255,0.009998823,0.074947055,0.008099222
12/23/2021,0.003643989,0.001905302,0.003573862,0.004471681,0.006222124,0.057618863,0.000491887
12/27/2021,0.022974527,0.008440027,0.005722889,0.023185744,0.014152121,0.025248391,0.014257413
12/28/2021,-0.005766925,0.004007783,0.00303497,-0.00350414,-0.000817131,-0.005000275,-0.00323156
12/29/2021,0.000502125,0.00704435,-0.00050437,0.002051316,0.001279274,-0.00209471,-0.008753498
12/30/2021,-0.006578378,0.004430389,-0.000504516,-0.007691048,-0.002764697,-0.014592268,-0.005887126
12/31/2021,-0.003535409,-0.007196655,-0.00082028,-0.008841344,-0.002520199,-0.012668841,0.00658007
1/3/2022,0.025004076,0.002747599,0.021155689,-0.004668234,0.005790091,0.135316684,0.038404912
1/4/2022,-0.012691383,-0.002681726,0.03790979,-0.017147107,-0.000334991,-0.041832697,0.037614193
1/5/2022,-0.026599919,0.00666379,-0.018282178,-0.038387858,-0.019202193,-0.053471214,0.012437442
1/6/2022,-0.016693466,-0.003426218,0.010624086,-0.007902093,-0.000939263,-0.021523374,0.023520609
1/7/2022,0.000988465,0.013517623,0.00990821,0.000510008,-0.00395341,-0.035446567,0.008196706
1/10/2022,0.000116218,-0.004943927,0.000956936,0.000731988,-0.001244563,0.030341953,-0.005952158
1/11/2022,0.016783737,-0.010630545,0.001016271,0.00225968,0.009108092,0.005935025,0.042062008
1/12/2022,0.002570281,-0.008525642,0.005671546,0.010444757,0.002703657,0.039289749,-0.00294313
1/13/2022,-0.019028066,-0.006065913,-0.001246473,-0.042322554,-0.013778615,-0.067491073,-0.007169256
1/14/2022,0.005110545,-0.005451702,-0.061463493,0.017716744,0.000409149,0.017497759,0.017556641
1/18/2022,-0.018893974,-0.004408542,-0.041927499,-0.024339526,-0.017709681,-0.018197241,0.016835805
1/19/2022,-0.021024971,-0.003112246,-0.015469114,0.002246996,-0.010383519,-0.033827897,0.000410512
1/20/2022,-0.010346911,-0.007984214,-0.008527407,-0.005702862,-0.011068271,0.000622704,0.002188557
1/21/2022,-0.012765096,-0.002299804,-0.017472846,-0.018468468,-0.019630382,-0.052566067,-0.015013055
1/24/2022,-0.004864651,-0.011523844,-0.000896004,0.001148301,0.004246503,-0.01472613,0.008590879
1/25/2022,-0.011384484,0.028594254,0.010899956,-0.026588425,-0.012208837,-0.012473125,0.029399697
1/26/2022,-0.000563046,0.004474183,0.009486237,0.028493542,-0.00250881,0.020699053,-0.010142563
1/27/2022,-0.00294329,0.013124696,-0.017644631,0.010548909,-0.004937738,-0.115541756,0.012807945
1/28/2022,0.06977752,0.007034644,0.008946326,0.028081656,0.02483527,0.020805693,0.002130057
1/31/2022,0.026125813,0.002910357,0.013573673,0.008823791,0.018011011,0.106776114,0.009033117
2/1/2022,-0.000972475,-0.008183524,0.017159955,-0.007138547,0.006756806,-0.005839527,0.064112598
2/2/2022,0.007043945,0.011060269,-0.008005049,0.01522193,0.009714243,-0.027479192,-0.002598061
2/3/2022,-0.016719832,-5.79E-05,-0.008269978,-0.038952343,-0.023504874,-0.016032495,-0.011659707
2/4/2022,-0.001679308,-0.006541055,0.025958347,0.015568493,0.004702101,0.03611111,0.021711979
2/7/2022,-0.004234404,-0.003320864,0.003342884,-0.016310254,-0.003209261,-0.017307186,0.012037795
2/8/2022,0.018466644,0.00263054,0.018814857,0.011995206,0.008227811,0.016157191,-0.025852806
2/9/2022,0.008293818,-0.000116507,0.004168081,0.021834621,0.014636061,0.01084592,-0.004787167
2/10/2022,-0.023598684,-0.012070729,-0.004150781,-0.02837276,-0.017965547,-0.029452771,-0.009620165
2/11/2022,-0.020218527,-0.010093163,-0.013016887,-0.024274455,-0.019718695,-0.04925103,0.025179049
2/14/2022,0.001423197,-0.01258129,-0.00929076,-0.00013551,-0.003269447,0.018325664,-0.015334737
2/15/2022,0.023152391,0.010325883,0.014623879,0.018542526,0.016126916,0.053290764,-0.012535072
2/16/2022,-0.001389105,-0.000597575,0.001809782,-0.001167181,0.001120969,0.001040753,0.004616143
2/17/2022,-0.021268927,-0.00610017,-0.023032601,-0.029282333,-0.021361711,-0.050942699,-0.001531794
2/18/2022,-0.009356009,-0.010718822,0.004689102,-0.009630899,-0.006474961,-0.022103035,-0.011120769
2/22/2022,-0.017811839,-0.013589436,-0.001774661,-0.00072941,-0.010731768,-0.041366242,-0.011634051
2/23/2022,-0.025864517,0.000496279,-0.020939011,-0.025893133,-0.017738587,-0.069979176,0.004054364
2/24/2022,0.016680302,-0.019104306,-0.027843041,0.051093573,0.015049375,0.048073455,-0.012635161
2/25/2022,0.012965386,0.049702578,0.023659521,0.009233081,0.02206399,0.011364031,0.026912928
2/28/2022,0.001637753,-0.008614278,-0.041697868,0.004978174,-0.002558695,0.074777469,0.007451066
3/1/2022,-0.011627725,-0.00346344,-0.037728996,-0.012851945,-0.015230135,-0.006962143,0.00956396
3/2/2022,0.020587957,0.012438933,0.020740294,0.017765767,0.018395945,0.017955297,0.017178262
3/3/2022,-0.001981252,0.014695206,-0.007108005,-0.014224424,-0.004978432,-0.046142104,0.006333153
3/4/2022,-0.018408206,0.005935576,-0.028129364,-0.020478556,-0.008124492,-0.00119152,0.037635886
3/7/2022,-0.023717269,0.016107819,-0.038616011,-0.037776808,-0.029479203,-0.040212805,0.036032948
3/8/2022,-0.011676294,-0.020265754,-0.007042839,-0.010971146,-0.00758165,0.024633942,0.007575606
3/9/2022,0.034997479,0.003792985,0.0400624,0.045858107,0.026810846,0.041933575,-0.056846723
3/10/2022,-0.027186101,0.001771634,-0.01184059,-0.010086587,-0.004515659,-0.024063755,0.031042406
3/11/2022,-0.023908919,-0.001827218,-0.02252383,-0.019328395,-0.012715179,-0.051234586,-0.00515464
3/14/2022,-0.026562308,0.013817608,0.009931011,-0.012961095,-0.007308202,-0.036436802,-0.035798274
3/15/2022,0.029677264,0.025918637,0.017745903,0.03874245,0.021990426,0.046348356,-0.05691275
3/16/2022,0.029015389,-0.009197051,0.044686134,0.025213472,0.022174345,0.04781204,-0.003755217
3/17/2022,0.006454175,0.013064402,0.012644072,0.002819359,0.012510858,0.03733501,0.026647427
3/18/2022,0.020918754,-0.011085763,-0.000356477,0.017647784,0.010952721,0.038767794,-0.003925113
3/21/2022,0.00853783,0.005661994,-0.003211935,-0.004227098,-0.000292405,0.017417964,0.044870942
3/22/2022,0.020800762,-0.004720386,0.021267397,0.016379169,0.011701458,0.079052438,-0.004379505
3/23/2022,0.008233402,-0.003771508,-0.019912936,-0.015029908,-0.012878322,0.005161136,0.015762391
3/24/2022,0.022677875,0.005162391,0.006510145,0.015392896,0.015074275,0.014823128,0.003007254
3/25/2022,0.003734055,0.00958684,0.00874254,-0.00138125,0.0048837,-0.003234938,0.021827616
3/28/2022,0.005037004,0.005143415,-0.007398545,0.023116563,0.00711285,0.080345078,-0.02805143
3/29/2022,0.019134133,-0.000505817,0.00220046,0.015159067,0.012371083,0.007079858,-0.005313263
3/30/2022,-0.006649535,0.010408385,-0.004533219,-0.004914218,-0.006175035,-0.005074754,0.017117898
3/31/2022,-0.017775822,-0.013141163,-0.03002684,-0.01768284,-0.015391365,-0.014981813,-0.014204145
4/1/2022,-0.001718149,0.005416823,-0.007409056,0.003600189,0.002834215,0.006486599,0.006417364
4/4/2022,0.023693422,-0.009652716,0.004434332,0.017936679,0.008566495,0.056113413,0.000481367
4/5/2022,-0.018941947,0.006460069,-0.01163722,-0.012985107,-0.012631313,-0.047308972,-0.005170696
4/6/2022,-0.018450895,0.026012113,-0.013874335,-0.036605799,-0.009999373,-0.041694894,0.011120543
4/7/2022,0.001804006,-0.002579243,-0.003042293,0.006243532,0.005039215,0.010996816,0.016736567
4/8/2022,-0.011908759,0.001980564,0.018308102,-0.014599889,-0.002674308,-0.030049448,0.021046308
4/11/2022,-0.025515913,-0.012519122,-0.003670484,-0.039431629,-0.017092097,-0.048328086,-0.034431434
4/12/2022,0.011523434,0.000333506,-0.010977608,-0.011217785,-0.00370512,0.011291814,0.020870656
4/13/2022,0.016342447,0.004224729,-0.03223346,0.019712079,0.011453554,0.035888356,0.014135596
4/14/2022,-0.029988086,-0.004206955,-0.009269537,-0.027084319,-0.012451814,-0.036552319,0.011749797
4/18/2022,-0.001331046,-0.012451252,0.018553711,0.002465781,0.000411155,0.019583733,0.008197748
4/19/2022,0.014115198,0.03050795,0.020706746,0.017039942,0.01614268,0.023758093,-0.008921703
4/20/2022,-0.001015546,0.004424161,0.0035082,0.003715134,-0.000741639,-0.049555037,0.002279181
4/21/2022,-0.004843427,-0.002882027,-0.00775186,-0.019380975,-0.014953348,0.032316841,-0.010572973
4/22/2022,-0.027821265,-0.009926096,-0.028722361,-0.024144605,-0.027439351,-0.003697577,-0.02183155
4/25/2022,0.006737346,0.024622758,-0.000315444,0.024413645,0.005797599,-0.006994645,-0.033713155
4/26/2022,-0.037328326,-0.007150005,-0.029581129,-0.037404058,-0.028960649,-0.121841219,0.000364773
4/27/2022,-0.00146674,-0.013970157,-0.013005995,0.048108956,0.002811626,0.005807678,0.028557491
4/28/2022,0.045155316,0.0074684,0.015812814,0.022632557,0.025259563,-0.004537703,0.030245693
4/29/2022,-0.036604669,-0.016352383,-0.03226854,-0.041811986,-0.036955742,-0.00769222,-0.022362469
5/2/2022,0.001966467,-0.010085419,0.00913199,0.025043278,0.006019496,0.036956285,0.013607135
5/3/2022,0.009622479,-0.001959293,0.021419912,-0.009456301,0.004584068,0.00698828,0.020599382
5/4/2022,0.041008339,0.010712974,0.03308131,0.029100637,0.03045289,0.047698646,0.039800183
5/5/2022,-0.055716137,-0.019089807,-0.025019656,-0.043554446,-0.035542869,-0.083286153,-0.015157937
5/6/2022,0.004727299,-0.002206636,-0.001613865,-0.009446684,-0.005968867,-0.008737181,0.015280841
5/9/2022,-0.033189142,0.005443138,-0.015034034,-0.036945523,-0.032017356,-0.090729488,-0.078852742
5/10/2022,0.016112012,-0.001353296,-0.024372242,0.01859607,0.002310523,0.016427174,0.006630236
5/11/2022,-0.051841307,-0.00542091,-0.00630838,-0.033210212,-0.015886111,-0.082545828,0.020818697
5/12/2022,-0.026894254,0.00987883,-0.000846448,-0.019957377,-0.00104397,-0.008174387,0.004539734
5/13/2022,0.031916745,-0.005734242,0.0088953,0.022596279,0.023908006,0.057129094,0.02966363
5/16/2022,-0.010672737,0.006954905,-0.006969428,0.001455079,-0.004057766,-0.058758562,0.023520559
5/17/2022,0.025422423,0.004155444,0.033147328,0.020344289,0.020570539,0.051410178,0.012754066
5/18/2022,-0.056419107,-0.018566119,-0.017105942,-0.045529678,-0.040311604,-0.068013798,-0.01585056
5/19/2022,-0.024641202,-0.008888835,-0.014822494,-0.003699637,-0.006124573,-0.000549463,0.005405353
5/20/2022,0.001747461,0.017477154,-0.008198644,-0.002291111,0.000436441,-0.064165057,0.00789996
5/23/2022,0.040118892,0.020415157,0.061871478,0.032031881,0.018710075,0.016568714,0.022098797
5/24/2022,-0.019215844,0.010922879,0.014125226,-0.003951629,-0.007633675,-0.069254647,0.005431922
5/25/2022,0.001140102,-0.009812575,0.006964074,0.011170419,0.008834804,0.048777379,0.020127318
5/26/2022,0.023199433,-0.00089076,0.01729031,0.012874973,0.019981306,0.074271389,0.003530473
5/27/2022,0.04075656,0.00908292,0.01413795,0.027604092,0.024549209,0.073333063,0.009830214
5/31/2022,-0.005346264,-0.008614578,0.007313042,-0.005013487,-0.005610723,-0.001803563,-0.016292454
6/1/2022,-0.00087321,-0.010137609,-0.01754504,0.002022762,-0.008088856,-0.02359349,0.019166706
6/2/2022,0.016811266,-0.003151121,0.016087765,0.007928944,0.019043595,0.04677398,-0.001737719
6/3/2022,-0.038555651,-0.004121007,-0.01393912,-0.01660709,-0.016411775,-0.0921936,0.014538721
6/6/2022,0.005227444,-0.000113086,-0.003303694,-0.004703327,0.003045104,0.016047202,-0.002522933
6/7/2022,0.017586091,0.010997631,0.002620823,0.01395355,0.009592197,0.002546056,0.045831606
6/8/2022,-0.005043192,-0.005943798,-0.015914566,-0.007669768,-0.010872277,0.012474516,0.011802153
6/9/2022,-0.035955933,-0.020137558,-0.021015692,-0.020783116,-0.023782886,-0.008930555,-0.021608045
6/10/2022,-0.038628918,-0.006677753,-0.045965948,-0.044563825,-0.028995632,-0.031190911,-0.018274238
6/13/2022,-0.038284495,-0.010084017,-0.029778329,-0.042412836,-0.037967966,-0.07102154,-0.045888836
6/14/2022,0.006672761,-0.01533856,-0.016639426,0.009205157,-0.003013468,0.023887157,0.002608124
6/15/2022,0.020111284,0.010701893,0.011836018,0.029735238,0.014256268,0.054823671,-0.012591028
6/16/2022,-0.039651578,0.000529595,-0.017155989,-0.026969943,-0.033095981,-0.085407699,-0.03688462
6/17/2022,0.011533145,-0.003645394,-0.003526678,0.010940107,0.002155792,0.01717498,-0.057665106
6/21/2022,0.032760653,0.020948802,0.024772013,0.024591011,0.025173592,0.093544348,0.062238862
6/22/2022,-0.003827179,0.015779479,-0.005611561,-0.002403909,-0.001813015,-0.004007806,-0.03957151
6/23/2022,0.021574137,0.022305598,-0.010939457,0.022636446,0.009802577,-0.004306311,-0.030161844
6/24/2022,0.024517358,0.014638847,0.0298456,0.034149861,0.031794129,0.045248893,0.019833483
6/27/2022,0,-0.000932576,-0.008012305,-0.010496872,-0.003819934,-0.003201651,0.024510929
6/28/2022,-0.029790021,-0.028442719,-0.004811849,-0.031748944,-0.020432957,-0.050043558,0.027743772
6/29/2022,0.013023991,0.000282609,-0.004489519,0.014737794,-0.000814393,-0.017937182,-0.036940022
6/30/2022,-0.018027809,0.002937916,-0.02333066,-0.013178869,-0.00812416,-0.017579228,-0.02814365
7/1/2022,0.016164727,0.011323341,0.012787575,0.010707243,0.010576364,0.012429132,0.022302675
7/5/2022,0.018930079,-0.007687052,-0.003803591,0.012597457,0.001888893,0.025535705,-0.031296285
7/6/2022,0.009607346,0.000898161,-0.006482075,0.012782791,0.003377128,-0.005720802,-0.018040538
7/7/2022,0.02399913,0.001121621,0.025292862,0.008226584,0.014977039,0.055279045,0.031940679
7/8/2022,0.00471505,-0.001232516,-0.003138221,-0.002756955,-0.000822506,0.02543517,0.001629071
7/11/2022,-0.014757942,0.000392583,-0.013116486,-0.011768602,-0.01142368,-0.065480059,-0.005111698
7/12/2022,0.006833729,-0.014017299,0.000974582,-0.040981524,-0.008848631,-0.005433612,-0.01331114
7/13/2022,-0.002536558,-0.002331563,-0.009382969,-0.003744971,-0.005251869,0.017033448,0.004023382
7/14/2022,0.02048229,0.001367926,-0.034938729,0.005381311,-0.002428402,0.005371861,-0.020037737
7/15/2022,0.011450049,0.014515069,0.04583331,0.010390566,0.019105123,0.007357232,0.01683904
7/18/2022,-0.020643112,-0.022443067,-0.010270097,-0.009621414,-0.008256925,0.001999427,0.018453105
7/19/2022,0.026722075,-0.014578272,0.024778455,0.020766863,0.027019168,0.020716718,0.025203119
7/20/2022,0.013509677,-0.005708016,-0.000174341,0.01055757,0.006373034,0.008023464,0.010988809
7/21/2022,0.015094403,0.003514873,0.006809786,0.00979911,0.010183153,0.097804707,-0.016696381
7/22/2022,-0.008110781,0.004728128,-0.004856069,-0.016916173,-0.009277885,0.001975226,-0.007635479
7/25/2022,-0.007398395,0.001975458,0.00400841,-0.005876261,0.001214792,-0.013994935,0.033302708
7/26/2022,-0.008826463,0.007073995,-0.015622287,-0.026774199,-0.011830911,-0.035663731,-0.003889674
7/27/2022,0.034234795,-0.002763478,0.016046531,0.06685211,0.025966347,0.061655037,0.02164463
7/28/2022,0.003571862,0.005773538,-0.003731382,0.028540396,0.012542152,0.022123522,0.011684901
7/29/2022,0.032793038,0.00183695,0.004790513,0.01566515,0.014578801,0.05784977,0.046308174
8/1/2022,-0.006153533,-0.003495051,-0.009968759,-0.009724382,-0.002961243,0.000426312,-0.025275823
8/2/2022,-0.00928721,-0.005693051,-0.015585125,-0.011474162,-0.006597253,0.011134401,-0.004339439
8/3/2022,0.038247565,0.009657889,0.010495313,0.027836216,0.015659503,0.022655687,-0.032422863
8/4/2022,-0.001926407,-0.016037557,-0.011002488,0.004177338,-0.000675734,0.004023023,-0.042078394
8/5/2022,-0.001388853,-0.003958106,0.030259857,-0.002608954,-0.001689972,-0.066303007,0.014450942
8/8/2022,-0.002903021,-0.00531833,-0.01218051,-0.009154668,-0.001161025,0.007819434,0.005652952
8/9/2022,0.00030329,-0.000117721,0.009007521,0.007063449,-0.003970828,-0.024412626,0.018437275
8/10/2022,0.026194747,0.002879281,0.026087758,0.024300464,0.021003721,0.038905818,0.009493374
8/11/2022,-0.00443179,-0.020683188,0.014781594,-0.007401091,0,-0.026249293,0.028927898
8/12/2022,0.021425573,-0.011008573,0.016564137,0.017037453,0.016929077,0.046750144,0.008691998
8/15/2022,0.00633364,0.004779237,0.002701895,0.005343957,0.004120958,0.030963599,-0.017872299
8/16/2022,-0.000923779,0.008910662,0.009554019,-0.002589688,0.001958561,-0.008912076,-0.009315415
8/17/2022,0.00878433,5.99E-05,-0.0084121,-0.002636174,-0.007097951,-0.008372334,0.008090982
8/18/2022,-0.002291588,-0.004833775,-0.007749498,-0.003947534,0.002906276,-0.00370622,0.023643986
8/19/2022,-0.015101881,0.015230699,-0.02474506,-0.013854151,-0.013438022,-0.020481853,-0.003178309
8/22/2022,-0.023029166,-0.003508131,-0.016522013,-0.029355134,-0.020822563,-0.022764022,-0.000744203
8/23/2022,-0.002029273,-0.008711881,-0.009856899,-0.004716521,-0.002419225,0.022558495,0.042442137
8/24/2022,0.001794154,-0.003310488,0.002423976,-0.002351276,0.003201159,0.002170126,0.005918557
8/25/2022,0.014922617,0.009360994,0.023747788,0.01109545,0.014117715,-0.003455684,0.005173327
8/26/2022,-0.037699239,-0.017112533,-0.032728812,-0.03858711,-0.033849077,-0.026953122,-0.012312142
8/29/2022,-0.013690482,-0.00773106,-0.002441797,-0.010667911,-0.006612175,-0.011350582,0.022990027
8/30/2022,-0.015305512,-0.003497098,0.000174967,-0.008520797,-0.010977942,-0.024998227,-0.038054387
8/31/2022,-0.010634652,-0.006710427,-0.005943723,-0.005704235,-0.007608962,-0.007526204,-0.007475995
9/1/2022,0.00470675,0.024792386,0.006858361,-0.004092257,0.00313796,0.005623956,-0.017993406
9/2/2022,-0.013611194,-0.015725232,-0.006986281,-0.01666667,-0.010544554,-0.025075812,0.018323101
9/6/2022,-0.008214885,0.002703579,0.000263835,-0.010973966,-0.003773126,0.015580556,-0.006695173
9/7/2022,0.009253781,0.005454292,0.018990754,0.019111402,0.017964977,0.033816771,-0.008530972
9/8/2022,-0.009617718,0.0080453,0.023296051,0.00166606,0.00653622,0.019598158,0.00817927
9/9/2022,0.018839378,0.001934641,0.004805969,0.022976918,0.01553532,0.036022895,0.016752919
9/12/2022,0.038508139,-0.000422007,0.011831689,0.008281334,0.010747552,0.015816941,0.01150252
9/13/2022,-0.058679474,-0.026020415,-0.034748598,-0.054978599,-0.043482529,-0.040371881,-0.023358114
9/14/2022,0.009555255,0.020640846,-0.002319696,0.000912931,0.003815895,0.035874372,0.024546237
9/15/2022,-0.018929933,0.002550668,0.015070411,-0.027119298,-0.011353501,0.003767274,-0.029077401
9/16/2022,-0.010960229,0.015265277,-0.006702194,-0.002608172,-0.007628772,-0.001316852,-0.017083534
9/19/2022,0.02508312,-0.007875749,0.009224533,-0.00089895,0.007754859,0.01885611,-0.000107267
9/20/2022,0.015665456,-0.007878218,-0.019719032,-0.008465649,-0.011478411,-0.001100063,-0.008154394
9/21/2022,-0.020267683,-0.010244541,-0.028835403,-0.01443597,-0.017443796,-0.025685949,-0.016118574
9/22/2022,-0.006375143,0.017760963,-0.011378954,0.008495503,-0.008399784,-0.040591729,-0.004178109
9/23/2022,-0.015123829,0.003249507,-0.018613341,-0.012698143,-0.01675484,-0.045947572,-0.053218581
9/26/2022,0.002260282,-0.006117896,-0.021531812,-0.001975511,-0.009892647,0.002469848,-0.020641288
9/27/2022,0.006566273,-0.004586818,-0.008802474,-0.004379634,-0.00255279,0.025107759,0.020957274
9/28/2022,-0.012651631,0.008609181,0.02021731,0.019711405,0.019676508,0.017212112,0.036389046
9/29/2022,-0.049118997,-0.011000174,-0.016945941,-0.014809044,-0.020888997,-0.068100505,-0.002025525
9/30/2022,-0.030039287,-0.007111224,-0.015636848,-0.019368416,-0.01546381,-0.011036097,-0.015448644
10/3/2022,0.03075241,-0.000979445,0.030909221,0.033662591,0.026401582,-0.086145169,0.052800329
10/4/2022,0.025623055,0.014828453,0.046783461,0.033812361,0.030986498,0.02904294,0.036444663
10/5/2022,0.002053424,-0.003079214,-0.012346635,0.001285779,-0.002328368,-0.034597518,0.040411454
10/6/2022,-0.006625632,-0.01938087,-0.020382386,-0.009670994,-0.010315733,-0.011129076,0.029660838
10/7/2022,-0.036718714,-0.010561605,-0.019974104,-0.050852846,-0.02789375,-0.063242755,-0.01009208
10/10/2022,0.002355658,0.001310946,-0.009341308,-0.021303017,-0.007635396,-0.000493121,-0.021676647
10/11/2022,-0.010254928,0.014462711,-0.028859998,-0.016750237,-0.006333164,-0.028973836,-0.008498695
10/12/2022,-0.004604895,-0.000245757,0.016182766,0.001508253,-0.003298303,0.003418039,0.00438784
10/13/2022,0.033612912,0.015120859,0.055593031,0.037608133,0.026391014,0.020622333,0.034948837
10/14/2022,-0.032240241,-0.004177935,0.016640882,-0.024248742,-0.022788721,-0.07545551,-0.026308108
10/17/2022,0.029122789,0.012951304,0.042000108,0.039245761,0.025696856,0.070052199,0.014416709
10/18/2022,0.009409491,-0.003481471,0.0257209,0.004083658,0.011749664,0.003829479,0.001789049
10/19/2022,0.000765119,-0.007951385,-0.019606272,-0.008469566,-0.007086371,0.008401793,0.029662612
10/20/2022,-0.003266989,0.002550307,-0.003261613,-0.001395458,-0.008385341,-0.066474486,0.001348659
10/21/2022,0.027059075,0.021803634,0.052527531,0.025280489,0.024301605,0.034542665,0.018570517
10/24/2022,0.014802901,0.013454758,0.001227042,0.02118779,0.012236269,-0.014875967,0.006990131
10/25/2022,0.019337386,-0.001578992,0.002614872,0.013791767,0.015968663,0.052875731,-0.006754102
10/26/2022,-0.019627221,0.008786828,0.011491453,-0.077156271,-0.007534104,0.009981122,0.011900217
10/27/2022,-0.030465273,0.000580818,0.003948053,-0.019756195,-0.005340069,0.002003192,0.003826714
10/28/2022,0.075552492,0.014856949,0.011877955,0.040220525,0.023790585,0.015238385,0.029288628
10/31/2022,-0.015410366,-0.005146678,-0.001586318,-0.015856176,-0.007223105,-0.004288513,0.000993984
11/1/2022,-0.017542652,-0.005058315,0.018033171,-0.017059361,-0.004375905,0.001230615,0.009926854
11/2/2022,-0.037305032,-0.015367863,-0.009207937,-0.035368449,-0.025096143,-0.056360334,-0.020552301
11/3/2022,-0.042405058,0.001701664,0.001811484,-0.026578782,-0.010296852,0.001535035,0.01359358
11/4/2022,-0.001947527,0.004451446,0.0273584,0.033325413,0.014393113,-0.036412598,0.010891039
11/7/2022,0.003902542,0.008747671,0.005280042,0.029269786,0.00956561,-0.050079526,0.011842386
11/8/2022,0.004175342,0.004971716,0.000609014,0.004388339,0.005395321,-0.029328185,0.00316769
11/9/2022,-0.033190429,-0.007996004,-0.013008791,-0.019050062,-0.02060205,-0.071667572,-0.044736738
11/10/2022,0.088974435,0.011713726,0.041159313,0.082268027,0.054954234,0.073934372,0.014692462
11/11/2022,0.019268997,-0.029919322,0.001628713,0.016997223,0.009678397,0.027527265,0.031221516
11/14/2022,-0.009485428,0.015716435,-0.010273448,-0.022500026,-0.008506626,-0.025616187,0.002919504
11/15/2022,0.011869287,0.002791999,-0.007243707,0.001738771,0.008528975,0.018172303,0.006703697
11/16/2022,-0.008331231,0.006207177,0.001353989,0.001823555,-0.00762867,-0.038576279,-0.010689614
11/17/2022,0.012971555,0.008070889,-0.004357259,-0.000206966,-0.003060072,-0.020062059,0.001328527
11/18/2022,0.003781631,0.007663256,0.009808441,-0.001903208,0.004540599,-0.016269017,-0.008667943
11/21/2022,-0.021680253,0.00514075,-0.005902177,0.00344083,-0.003636154,-0.068372313,-0.009903578
11/22/2022,0.014661096,0.00483054,0.014956514,0.012311355,0.013456871,0.012152312,0.028926626
11/23/2022,0.005926468,0.001074485,0.010663526,0.010407025,0.006301872,0.078217839,-0.004992143
11/25/2022,-0.019593551,0.001299246,0.00190502,-0.000363647,-0.000223805,-0.001855875,-0.003520733
11/28/2022,-0.026264214,0.000507695,-0.017478272,-0.023152352,-0.015956933,0.000328107,-0.030032684
11/29/2022,-0.021148465,-0.006992326,0.016449542,-0.005915,-0.001717762,-0.01142574,0.006647869
11/30/2022,0.048593898,0.010846501,0.011862807,0.061623629,0.03150063,0.076701847,0.007237181
12/1/2022,0.001891631,0.004157309,-0.014039488,-0.001763746,-0.000735737,0,-0.004850074
12/2/2022,-0.003371407,0.000783425,-0.007927399,0.001295678,-0.001153727,0.000821796,-0.008483579
12/5/2022,-0.007983129,-0.000559165,-0.028040835,-0.018900501,-0.017989347,-0.063686768,-0.02739871
12/6/2022,-0.025369845,-0.014990373,0.001674519,-0.020303737,-0.014414638,-0.014414852,-0.02779587
12/7/2022,-0.013785193,0.006076019,-0.000683972,-0.003059698,-0.001701434,-0.032143331,-0.002214211
12/8/2022,0.012133012,0.00016914,0.010494489,0.012399204,0.007834112,-0.003447431,0.007428788
12/9/2022,-0.00343512,-0.00823913,-0.005418401,-0.008003209,-0.007470181,0.032345483,-0.008427321
12/12/2022,0.016390039,0.011949482,0.015511568,0.028889226,0.014417232,-0.062719886,0.024628143
12/13/2022,0.006782538,0.007703781,-0.000968776,0.017464739,0.007569885,-0.040936778,0.010934086
12/14/2022,-0.015535898,0.003068895,-0.004996835,0.001167643,-0.00639345,-0.025784368,-0.007366069
12/15/2022,-0.046854416,-0.012627935,-0.024810635,-0.031918388,-0.024461635,0.005548438,-0.00958096
12/16/2022,-0.014578515,-0.010254062,-0.006226114,-0.017348472,-0.011806361,-0.047187179,-0.007018274
12/19/2022,-0.015909773,-0.001081711,0.005955619,-0.017328051,-0.008479682,-0.00239633,0.004488883
12/20/2022,-0.000528826,0.001082883,0.004843802,0.005614434,0.001368537,-0.080536415,0.014453003
12/21/2022,0.023809624,0.011441624,0.011248021,0.010876781,0.014952316,-0.001669055,0.01284103
12/22/2022,-0.023772481,-0.003658168,-0.011349854,-0.025528795,-0.014266143,-0.088827566,-0.020174085
12/23/2022,-0.002798079,0.00254206,0.00474517,0.002267043,0.005752209,-0.017550833,0.026445049
12/27/2022,-0.013878428,-0.000281883,0.003504024,-0.007414182,-0.003943346,-0.114088533,0.013894006
12/28/2022,-0.030685321,-0.004339556,0.005465414,-0.010254812,-0.012427998,0.033088915,-0.016426172
12/29/2022,0.028324289,0.005094577,0.005737424,0.027629656,0.018000273,0.080826907,0.007565795
12/30/2022,0.002468822,-0.005125295,0.006605622,-0.004937484,-0.002634004,0.011164018,0.010073394
1/3/2023,-0.037404648,0.008717819,0.007606088,-0.001000864,-0.004209846,-0.122422486,-0.034360946
1/4/2023,0.010314158,0.010887417,0.009325131,-0.043743303,0.007720118,0.051248853,0.002910719
1/5/2023,-0.010604666,-0.007383559,-0.000221632,-0.029637659,-0.011413202,-0.029039098,0.022373991
1/6/2023,0.036794185,0.008109723,0.019135789,0.011785315,0.022931944,0.02465109,0.012086698
1/9/2023,0.004088887,-0.025908375,-0.004132442,0.009736293,-0.000566639,0.059349011,-0.018637199
1/10/2023,0.004456275,-0.002392189,0.008954144,0.007617333,0.007012618,-0.007681374,0.014934888
1/11/2023,0.021112614,-0.001598681,0.007431378,0.030238099,0.012647919,0.03676906,0.011626744
1/12/2023,-0.000599368,-0.005032099,-0.001002763,0.011621425,0.003640743,0.002759263,0.016611218
1/13/2023,0.010119056,-0.003275697,0.025234765,0.003018756,0.003879513,-0.00938812,-0.00061815
1/17/2023,0.00875609,-0.006169756,-0.015453243,0.004681782,-0.001831827,0.074264737,-0.001944317
1/18/2023,-0.005369805,-0.015084711,-0.030042615,-0.018889086,-0.015788143,-0.020609983,-0.020543651
1/19/2023,0.000443807,-0.001354733,-0.013326433,-0.01645412,-0.007279809,-0.012501946,0.006418895
1/20/2023,0.019220597,-0.004659917,0.002448801,0.035743702,0.018629034,0.049146812,0.018235712
1/23/2023,0.023500406,-0.002548355,0.016212457,0.00982428,0.011998496,0.077424689,-0.005205067
1/24/2023,0.01006318,0,0.008596527,-0.002226016,-0.001073161,0.000973909,0.009311828
1/25/2023,-0.004700839,0.007129664,0.004838816,-0.005908157,0.000374826,0.00375282,-0.005271932
1/26/2023,0.014803463,-0.003657401,0.006181787,0.030713474,0.010990237,0.109672592,0.040190886
1/27/2023,0.013684218,-0.003908203,0.002429093,0.000645193,0.002297795,0.110001804,-0.018257536
1/30/2023,-0.020077924,-0.037032635,-0.008480457,-0.021961611,-0.012546672,-0.06318151,-0.017732097
1/31/2023,0.009020812,0.008765755,0.005965563,0.021012811,0.014703162,0.039361559,0.021574484
2/1/2023,0.007900735,0.009178677,-0.002643819,0.019934609,0.010627652,0.047280928,-0.010947269
2/2/2023,0.037062843,0.0037595,-0.004656574,0.046884289,0.01455706,0.037814897,-0.031288165
2/3/2023,0.02439978,-0.005618027,0.01547437,-0.023620619,-0.010629125,0.009082655,0.006927443
2/6/2023,-0.017928892,-0.007593739,0.005882927,-0.006115757,-0.006111141,0.025160537,-0.001697522
2/7/2023,0.019244564,0.000244791,0.012190041,0.042022076,0.013078687,0.010525791,0.02855094
2/8/2023,-0.017652626,0.001285305,-0.007031092,-0.003102155,-0.010934955,0.02276305,-0.008701759
2/9/2023,-0.006911595,-0.013508023,-0.015563599,-0.011659663,-0.008669202,0.02995685,0.003774758
2/10/2023,0.002456285,0.004646987,0.004415371,-0.001972453,0.002333744,-0.050308738,0.042151259
2/13/2023,0.018806856,0.003700311,0.010848001,0.031242861,0.011738856,-0.011427701,-0.003889804
2/14/2023,-0.004225152,-0.004362627,0.004418976,0.003132738,-0.000459996,0.075061656,-0.011714836
2/15/2023,0.013903434,-0.016477458,0.00418989,-0.007992761,0.003247367,0.023847099,-0.003006228
2/16/2023,-0.010429521,-0.007090235,-0.01376927,-0.02662263,-0.0137688,-0.056945537,-0.002929392
2/17/2023,-0.00754636,0.020876907,0.00296137,-0.015601907,-0.002498295,0.031033481,-0.038451635
2/21/2023,-0.026679823,-0.014901063,-0.018349051,-0.020886531,-0.0200611,-0.052517894,-0.000988401
2/22/2023,0.002895753,-0.001392281,-0.007663174,-0.004591181,-0.001378077,0.017682553,-0.012953138
2/23/2023,0.003290482,-0.000317154,0.008011,0.012961915,0.005319309,0.00602413,0.00920446
2/24/2023,-0.018005111,-0.011158271,0.009021221,-0.021784326,-0.010682219,-0.02568418,9.03E-05
2/27/2023,0.008247753,-0.002179888,0.008727897,0.003771791,0.003405781,0.054601787,-0.001805901
2/28/2023,-0.003447941,-0.015228396,0.008370576,-0.002958086,-0.003695864,-0.00924721,-0.005789263
3/1/2023,-0.014246043,-0.004502015,-0.005580522,-0.012629374,-0.003836026,-0.014291976,0.008916469
3/2/2023,0.004129274,-0.000786634,-0.010382321,0.019653189,0.007777356,-0.058539282,0.00459912
3/3/2023,0.03508999,0.010298795,0.018359472,0.016646169,0.016037915,0.036092193,0.012657204
3/6/2023,0.018539274,0.009998459,-0.005847112,0.006188929,0.000692583,-0.020122331,0.008864394
3/7/2023,-0.014496454,-0.009449754,-0.029407507,-0.01058903,-0.015328557,-0.031474077,-0.019330361
3/8/2023,0.008377243,-0.007333311,-0.005915262,-0.001770566,0.001631982,-0.030419298,-0.014604648
3/9/2023,-0.014914561,-0.011244692,-0.054136721,-0.005439218,-0.018449795,-0.04989012,-0.007728624
3/10/2023,-0.013878641,0.002446007,0.025395108,-0.014783055,-0.014429451,0.003007196,-0.012370517
3/13/2023,0.013265876,0.009564464,-0.017957186,0.021440768,-0.001425225,0.005996271,-0.011504966
3/14/2023,0.014089268,0.005618398,0.025676055,0.027056012,0.01652997,0.050320948,0.003754446
3/15/2023,0.002621478,0.00279394,-0.047244184,0.017830372,-0.006254229,-0.015333393,-0.049747382
3/16/2023,0.018693796,-0.002073173,0.019413692,0.040536514,0.017545033,0.020393505,-0.005806005
3/17/2023,-0.005453807,-0.010712275,-0.037782066,0.011694235,-0.011692602,-0.021723782,-0.011778596
3/20/2023,0.01548371,0.009909167,0.010571711,-0.025766464,0.009615688,0.017320796,0.026141653
3/21/2023,0.011944343,0,0.026820716,0.005693348,0.013130501,0.078199191,0.044802359
3/22/2023,-0.009103662,-0.018454592,-0.025813859,-0.005441786,-0.017046503,-0.03254382,-0.022888773
3/23/2023,0.006969649,0.000529811,-0.002673438,0.019721511,0.002703491,0.005597737,-0.011281947
3/24/2023,0.008305476,0.010057635,-0.015215781,0.010480146,0.006561829,-0.009416281,0.00116045
3/27/2023,-0.012293377,0.00425793,0.028660485,-0.014933909,0.001870001,0.007352523,0.02192587
3/28/2023,-0.003980228,-0.009654305,0.003035269,-0.004160839,-0.002244768,-0.013659325,0.012476515
3/29/2023,0.019790688,0.009814186,0.002017325,0.019184043,0.01453505,0.024789906,0.017176987
3/30/2023,0.009890034,0.000782837,-0.003019991,0.012619725,0.005855019,0.00722093,0.004864062
3/31/2023,0.015644122,0.010232685,0.012116429,0.014962239,0.014094718,0.06237202,0.001552798
4/3/2023,0.007701671,0.011935524,-0.001150896,-0.003711453,0.003810638,-0.061168428,0.05900032
4/4/2023,-0.003249781,0.010455702,-0.013368233,-0.000174181,-0.005548186,-0.011244044,-0.00955817
4/5/2023,-0.011290221,0.044924098,0.001490995,-0.009889186,-0.002618448,-0.036660076,0.017127431
4/6/2023,0.005496075,-0.002777693,-0.001097033,0.025533151,0.003900932,-0.002479553,-0.016582621
4/10/2023,-0.015972496,-0.005025622,0.003295035,-0.007579079,0.001026281,-0.002972026,-0.00443275
4/11/2023,-0.007591185,-0.000304327,0.004925967,-0.022668434,0.000268727,0.012357048,0.00707178
4/12/2023,-0.004353093,-0.002130834,-0.000155536,0.002333568,-0.004075913,-0.033460037,-0.001040404
4/13/2023,0.034103484,0.013360301,0.003813149,0.022399286,0.013282621,0.029688716,0.00468629
4/14/2023,-0.002114109,-0.001625454,0.075509638,-0.012765576,-0.002442638,-0.00484128,0.002418706
4/17/2023,0.000121263,-0.001025025,0.007929179,0.009296102,0.00358802,0.011026991,-0.011632941
4/18/2023,0.007504462,-0.028128281,0.011228027,-0.001488862,0.000652423,-0.014595786,0.019529037
4/19/2023,0.006968394,0.00944037,-0.001272898,0.000277284,-0.000168795,-0.020183394,-0.003163818
4/20/2023,-0.00584613,0.006460318,-0.002903262,-0.008112392,-0.005457313,-0.097458282,-0.007978145
4/21/2023,-0.009781137,-0.005440497,-0.001917755,-0.001223167,0.000776958,0.01282285,0.003199606
4/24/2023,0.001878597,0.006085009,0.001351804,-0.013963025,0.001043238,-0.015325895,0.018877691
4/25/2023,-0.009435727,0.009164066,-0.021743463,-0.022535913,-0.015873909,-0.011565702,-0.014213237
4/26/2023,-6.10E-05,-0.015498073,-0.017723618,0.072434696,-0.004235766,-0.043069635,-0.009183028
4/27/2023,0.028395394,0.002336752,0.013458544,0.032027674,0.019908235,0.041886195,0.011953442
4/28/2023,0.007540783,0.004294563,0.008683026,0.007971858,0.008535089,0.025719427,0.012924592
5/1/2023,-0.000530167,-0.000610856,0.021411865,-0.005532845,-0.001009804,-0.015093395,-0.031012284
5/2/2023,-0.00619143,0.008740614,-0.016146992,-0.000490788,-0.011239127,-0.009392599,-0.039853502
5/3/2023,-0.006467185,-0.013088323,-0.021163515,-0.003307217,-0.0068639,0.001871393,-0.019709361
5/4/2023,-0.009913544,-0.004543516,-0.013678562,0.003318191,-0.007083006,0.003673472,-0.017511309
5/5/2023,0.04692708,0.003392191,0.019535042,0.017157202,0.018512606,0.054962784,0.02489623
5/8/2023,-0.000403488,-0.002274309,0.002413275,-0.006438061,0.000266606,0.010172855,0.00395668
5/9/2023,-0.009971239,-0.007762868,-0.00481529,-0.005345936,-0.004385421,-0.015367597,0.000274762
5/10/2023,0.010420931,0.003725445,0.000513371,0.017296575,0.004672291,-0.00360627,-0.012827558
5/11/2023,0.001094657,-0.004082842,-0.003150618,-0.007044314,-0.001743874,0.021003968,-0.01809894
5/12/2023,-0.005417454,-0.001304402,-0.014333119,-0.003676269,-0.001310191,-0.023826163,-9.47E-05
5/15/2023,-0.002897467,-0.007650333,0.008426603,0.001586019,0.00344999,-0.009703475,0.001907077
5/16/2023,0,-0.00131628,-0.00672909,0.007367274,-0.006682877,0.001021931,-0.024269365
5/17/2023,0.003603314,-0.002196341,0.030747247,0.009451945,0.012139249,0.044078766,0.022434714
5/18/2023,0.013666047,-0.00320788,0.007584025,0.014394819,0.009632888,0.017427808,0.009063114
5/19/2023,0.000628454,0.002713231,-0.002294,-0.000565123,-0.001454851,0.018373,0.004632672
5/22/2023,-0.005480814,-0.005389392,-0.008262718,0.008921469,0.000406111,0.048462284,-0.012140065
5/23/2023,-0.015154991,-0.000382325,-0.010432344,-0.018432158,-0.011222844,-0.016413358,0.013622851
5/24/2023,0.001632138,-0.000956232,-0.009151729,-0.004472605,-0.007244845,-0.015449267,0.011184306
5/25/2023,0.006692233,-0.014362528,0.002438482,0.038457886,0.008659946,0.008583966,-0.017938544
5/26/2023,0.014104768,-0.000388632,0.009360887,0.021385637,0.012950662,0.047162123,-0.006530313
5/30/2023,0.010659701,0.000129486,0.003797333,-0.005046732,0.000380912,0.041362559,-0.008859742
5/31/2023,-0.000282139,0.004469834,-0.012731056,-0.008514155,-0.005545112,0.013770078,-0.017877635
6/1/2023,0.016022653,-0.003353704,0.013779485,0.012759089,0.009500963,0.017604137,0.011548072
6/2/2023,0.004775326,0.015724154,0.021005995,0.008479177,0.014461139,0.031081326,0.023219901
6/5/2023,-0.00757098,0.008600501,-0.009824158,0.001610138,-0.001916284,0.017011728,-0.004444031
6/6/2023,-0.002060528,-0.000884308,0.0017974,-0.006727398,0.002177611,0.017002881,0.008167886
6/7/2023,-0.007756211,0.002149551,0.009688523,-0.030868079,-0.003457947,0.014730513,0.022421214
6/8/2023,0.015464961,0.01097644,0.000284047,0.005813701,0.006048628,0.045820871,-0.003132767
6/9/2023,0.002159855,-0.001560035,0.001989867,0.00470391,0.001794558,0.040619915,-0.007394373
6/12/2023,0.01563884,-0.000687505,-7.09E-05,0.015483992,0.009071574,0.022217709,-0.009032665
6/13/2023,-0.002611645,0.005253419,0.007234212,0.007352924,0.006593106,0.035544128,0.000187906
6/14/2023,0.00349134,0.005101419,-0.00373211,0.009123692,0.001190862,-0.007421371,-0.012025483
6/15/2023,0.011198723,0.013431373,0.011308214,0.031896516,0.012397504,-0.003465924,0.006941758
6/16/2023,-0.005859764,0.003053945,0.00118813,-0.016575689,-0.003406182,0.018132141,-0.007177212
6/20/2023,0.000486555,-0.00060899,-0.005095826,-0.012502619,-0.005188149,0.053389127,-0.022924109
6/21/2023,-0.005675249,-0.001523454,-0.001473179,-0.013282011,-0.005123837,-0.054618401,0.011195642
6/22/2023,0.01652516,0.010617745,-0.01925234,0.018437359,0.003609856,0.019848894,-0.005487572
6/23/2023,-0.001711347,-0.00084523,-0.005229941,-0.013805927,-0.007560143,-0.030270888,-0.008712478
6/26/2023,-0.00755285,-0.011179658,0.002448703,-0.019162948,-0.004085742,-0.060600166,0.018457002
6/27/2023,0.015059142,-0.002077956,7.19E-05,0.018167967,0.010963382,0.03800043,0.002493157
6/28/2023,0.006327716,-0.002020574,-0.004382246,0.003825942,0.000504238,0.02409969,0.008129861
6/29/2023,0.001796632,0.006995571,0.034922981,-0.002382158,0.003941496,0.004917303,0.012333945
6/30/2023,0.02310239,0.008653091,0.01401379,0.016385698,0.011800625,0.016582482,0.00515477
7/3/2023,-0.007784453,-0.013110235,0.008044518,-0.007488108,0.001150585,0.068953734,0.001958021
7/5/2023,-0.005871684,-0.003305652,-0.006661647,0.000473323,-0.001487025,0.009506124,-0.005118156
7/6/2023,0.002508967,-0.007432182,-0.009886501,0.009226488,-0.007830715,-0.021028045,-0.037321273
7/7/2023,-0.005891502,-0.014541971,0.00789052,-0.011867359,-0.002524808,-0.007630056,0.002332048
7/10/2023,-0.010855644,0.001632471,0.00561166,-0.015983443,0.002531199,-0.017563705,0.014831339
7/11/2023,-0.002810206,-0.005516547,0.01563907,0.001928437,0.006368398,0.000667717,0.012226661
7/12/2023,0.008985572,-0.003467322,0.004951643,0.014227126,0.00804597,0.008154422,0.004906944
7/13/2023,0.004057458,0.004617899,0.004860241,0.016192003,0.007936935,0.021728754,-0.018311625
7/14/2023,0.000787603,0.006674455,0.006045287,0.007529393,-0.000622816,0.01252253,-0.034436464
7/17/2023,0.017305424,-0.005003958,0.024103757,0.001419286,0.003472075,0.031985215,0.004359119
7/18/2023,-0.001340372,-6.29E-05,0.001825627,0.039799787,0.007430577,0.01019351,-0.004537613
7/19/2023,0.007071776,-0.002011797,0.00383957,-0.012267234,0.002223786,-0.007090702,0.00693631
7/20/2023,-0.010097466,0.060728536,0.012317487,-0.023121646,-0.006634425,-0.097370099,0.017614596
7/21/2023,-0.006161683,0.01074922,-0.007684978,-0.008936993,0,-0.010954754,0.004641669
7/24/2023,0.004220049,0.005229571,0.019684129,0.003897847,0.004467201,0.034766591,0.015689617
7/25/2023,0.004513615,0.007657323,-0.007468412,0.017009421,0.002729927,-0.014048907,0.001516311
7/26/2023,0.004545038,0.001914203,0.005993889,-0.037637478,0.000153989,-0.003505702,-0.005582967
7/27/2023,-0.00658111,0.005616019,-0.011029348,-0.020872406,-0.006629979,-0.032683939,0.003140374
7/28/2023,0.013508069,0.004548368,0.00570452,0.023131162,0.009790334,0.041961579,-0.011952306
7/31/2023,0.003165809,-0.03983273,0.006691642,-0.007240417,0.001904072,0.003715622,0.029570045
8/1/2023,-0.00427565,0.008118031,-0.00493793,0.001250163,-0.002861856,-0.02378187,-0.005781338
8/2/2023,-0.015490027,0.006039519,-0.011324633,-0.026282692,-0.013910735,-0.026659542,-0.012474418
8/3/2023,-0.007321696,0.004296474,0.006113273,-0.002564896,-0.00286573,0.020502958,0.017380628
8/4/2023,-0.048020021,-0.009376747,-0.002110689,0.003428655,-0.004522816,-0.021055092,0.002800647
8/7/2023,-0.017253779,0.024018113,0.004743058,0.007108267,0.008728563,-0.009493436,-0.002048119
8/8/2023,0.005311849,0.000462131,-0.005613748,-0.012298839,-0.004348726,-0.006959634,0.004944031
8/9/2023,-0.00895429,-0.000635221,-0.013407619,-0.011716048,-0.006685312,-0.03007607,0.016986813
8/10/2023,-0.001234847,-0.005200191,-0.001495696,0.002172225,0.000359018,0.013006292,0.005111507
8/11/2023,0.000337675,0.009757759,0.005796012,-0.005945337,-0.000582946,-0.010964386,0.015528582
8/14/2023,0.009393039,-0.002358361,0.00207175,0.009438756,0.005519823,-0.011910156,0.000804558
8/15/2023,-0.011200302,-0.002882683,-0.025457084,-0.006727654,-0.011648762,-0.028361645,-0.025673246
8/16/2023,-0.004959131,-0.00318032,-0.004243486,-0.002428242,-0.007338086,-0.031593408,-0.016826959
8/17/2023,-0.014555114,0.009397111,-0.010386676,-0.010986381,-0.007620017,-0.028280163,0.019371819
8/18/2023,0.002816142,-0.008735056,0.002287437,-0.001262175,0.000481446,-0.017014851,0.015129124
8/21/2023,0.007736723,-0.029798991,0.003423762,0.017062773,0.00650623,0.073274829,-0.012086438
8/22/2023,0.007904921,-0.007947125,-0.020738654,0.001801676,-0.002708703,0.008258404,-0.005611312
8/23/2023,0.021949059,-0.008974967,0.006763012,0.014079291,0.01113774,0.015738231,-0.00878817
8/24/2023,-0.026170612,0.003403723,-0.000949763,-0.021498485,-0.013859002,-0.028793411,-0.007466022
8/25/2023,0.012643123,0.014337858,-0.001222459,0.009407341,0.007049871,0.037167463,0.017865558
8/28/2023,0.008846159,-0.011789536,0.003468243,0.002229103,0.006341159,0.000964043,0.008406445
8/29/2023,0.021810255,0.000121782,0.008132236,0.014550503,0.01445469,0.07687792,0.005954492
8/30/2023,0.019172215,-0.003530034,-0.004033208,0.001157396,0.004118942,-0.001088727,0.009744054
8/31/2023,0.001172413,-0.012520481,-0.012351821,-0.003132915,-0.001463291,0.004593199,0.002795864
9/1/2023,0.008463434,-0.007421999,0.003348743,0.002745862,0.00186524,-0.050643183,0.020955056
9/5/2023,0.001266747,0.001246112,-0.011033964,0.014878581,-0.004321984,0.046855214,8.81E-05
9/6/2023,-0.035793529,-0.016616858,-0.001652883,-0.002008741,-0.006722372,-0.017817429,0.008631928
9/7/2023,-0.029249354,0.012784315,-0.008554145,-0.00892216,-0.003070373,-0.001706862,-0.004890307
9/8/2023,0.003491806,0.003311678,0.000765429,0.013215854,0.001506055,-0.011889162,0.014567855
9/11/2023,0.006622577,0.0130791,0.004380202,0.010979094,0.006576861,0.100925499,-0.012542038
9/12/2023,-0.017060603,0.005655964,0.013014018,-0.018257819,-0.005485782,-0.022296863,0.029169383
9/13/2023,-0.011854795,0.002506655,0.000478057,0.012931007,0.001165967,0.014281354,-0.008936871
9/14/2023,0.008782563,-0.001524654,0.019397694,0.007855565,0.008622549,0.017471511,0.017863284
9/15/2023,-0.004154077,-0.013985601,-0.002948056,-0.025037043,-0.012048316,-0.005977372,-0.015356232
9/18/2023,0.016913326,0.006317666,0.002083126,-0.00351282,0.000586432,-0.033200974,0.008055096
9/19/2023,0.006180997,-0.001661759,-0.00127397,-0.001245961,-0.0020739,0.004598919,-0.002635346
9/20/2023,-0.019992213,0.004377329,-0.004230095,-0.023976737,-0.009193264,-0.014671684,-0.007926358
9/21/2023,-0.008889584,-0.007672893,-0.007822265,-0.003865682,-0.016528359,-0.026238621,-0.014089322
9/22/2023,0.004944625,-0.007175595,-0.0095826,-0.007886635,-0.002248648,-0.042315183,0.001568551
9/25/2023,0.007380356,-0.001495272,0.004940615,0.001671918,0.004205136,0.008616468,0.01122329
9/26/2023,-0.023398374,-0.007737553,-0.010378908,-0.017005618,-0.014691181,-0.011619945,0.001548641
9/27/2023,-0.008897477,-0.012010807,0.005865034,0.002082305,0.000398981,-0.014828753,0.032557336
9/28/2023,0.001525691,-0.001463967,0.01241595,0.002717318,0.005797621,0.024449085,-0.006073205
9/29/2023,0.003046281,-0.007203138,-0.017412944,0.006727425,-0.002426943,0.015585665,-0.015819848
10/2/2023,0.014835607,-0.003852398,-0.008619841,0.019160822,-0.000397709,0.005515166,-0.016584615
10/3/2023,-0.007769852,0.00122455,-0.007372504,-0.026134245,-0.013386023,-0.020151062,0.00172973
10/4/2023,0.007308703,0.001159078,0.004484363,0.017773435,0.007281912,0.059343711,-0.037382403
10/5/2023,0.007197927,0.010416546,0.004216349,0.001253847,-0.000376787,-0.004250329,-0.022511209
10/6/2023,0.014750495,0.003181811,0.01539564,0.02473717,0.011872778,0.001845841,-0.016698816
10/9/2023,0.008451195,0.005709157,-0.002274404,0.007822469,0.006402272,-0.003300907,0.034991338
10/10/2023,-0.003352287,-0.001135266,0.00607853,-0.00433541,0.005204839,0.015211543,-0.004237534
10/11/2023,0.007904181,-0.013766168,0.003432828,0.012271821,0.004096257,-0.002389822,-0.035853194
10/12/2023,0.005061207,0.000960474,-0.002326373,-0.003790504,-0.006096458,-0.015665977,-0.00018767
10/13/2023,-0.010292732,0.003326386,0.015019581,-0.010357553,-0.00498073,-0.029937807,0.031933677
10/16/2023,-0.000726845,0.004335297,-0.001013463,0.014981965,0.010521348,0.01115006,0.000728195
10/17/2023,-0.008784774,-0.009140988,-0.002164468,-0.001743772,-4.60E-05,0.003662602,0.013096833
10/18/2023,-0.007394989,-0.021526409,-0.010980714,-0.005872452,-0.01332502,-0.047753632,0.014004985
10/19/2023,-0.00216092,-0.002684188,-0.004249206,0.003665557,-0.008786378,-0.093003102,0.000619537
10/20/2023,-0.014704257,0.004464229,-0.016105926,-0.014034735,-0.012288052,-0.036890623,-0.017165008
10/23/2023,0.000694385,-0.010522838,-0.013640914,0.00811229,-0.00173323,0.000424531,-0.014674112
10/24/2023,0.002543033,-0.001056834,0.001205729,0.003674255,0.007539392,0.020935507,-0.009684692
10/25/2023,-0.013491673,0.002248203,-0.005454376,0.030677755,-0.014352118,-0.018935923,0.001845036
10/26/2023,-0.024605542,-0.016955916,0.00256386,-0.037514181,-0.011974614,-0.031352997,-0.009116904
10/27/2023,0.007969331,-0.022818615,-0.036018646,0.005855389,-0.004532891,0.00748449,-0.019051914
10/30/2023,0.012305257,0.009821149,0.012749795,0.022740493,0.011955874,-0.047949842,0.003126547
10/31/2023,0.00281897,0.008909952,0.011933978,0.002371735,0.006280167,0.017632731,-0.000283482
11/1/2023,0.018738554,0.002359441,-0.000862894,0.023542566,0.01066477,0.02399924,-0.001983989
11/2/2023,0.020693403,0.010424292,0.017849365,0.006501638,0.019164341,0.06248172,0.032847624
11/3/2023,-0.00518133,0.007321623,0.011172415,0.012861732,0.009123381,0.006635908,-0.012189532
11/6/2023,0.014605029,0.00237888,0.007552414,0.010572626,0.002300563,-0.003136945,-0.01772135
11/7/2023,0.014451003,-0.005273807,-0.000485817,0.011219213,0.002846118,0.013271256,-0.015679752
11/8/2023,0.00588482,-0.003644417,0.004930195,0.007405831,0.000732195,-0.000315024,-0.01228281
11/9/2023,-0.002624506,-0.019487933,-0.002971108,-0.006910906,-0.007798758,-0.054612601,0.000291526
11/10/2023,0.023220029,-0.001153489,0.014831294,0.024896928,0.01560479,0.022240205,0.00767268
11/13/2023,-0.008583612,0.002580718,-0.004438982,-0.008088437,-0.000953038,0.042208307,0.010506071
11/14/2023,0.014285502,0.000203399,0.018246436,0.009790442,0.019400699,0.061239983,0.003850371
11/15/2023,0.003041104,0.007720208,0.008758079,0.000405972,0.002117016,0.022871794,-0.006040787
11/16/2023,0.009042055,0.008736959,0.011419552,0.01758329,0.001223092,-0.038090925,-0.011576422
11/17/2023,-0.000105339,-0.002065626,0.009045764,-0.016800773,0.001243893,0.003039542,0.024399734
11/20/2023,0.009278185,0.008815654,0.00307568,0.020521585,0.007697556,0.005548455,-0.00438253
11/21/2023,-0.004230789,0.008071458,-0.002087443,-0.011577839,-0.002179563,0.023769061,-0.000382829
11/22/2023,0.003514424,-0.001985127,0.002353392,0.012812544,0.003861113,-0.028980059,-0.004307644
11/24/2023,-0.007004313,0.011139172,0.001369527,-0.001111531,0.00061526,0.005294352,0.005383901
11/27/2023,-0.000947563,-0.008000098,-0.002279529,0.003126466,-0.001800969,0.002675748,-0.005833484
11/28/2023,0.003214119,0.002313532,0.002284737,0.01080269,0.000990073,0.045069465,-0.000577067
11/29/2023,-0.005409619,0.003165759,0.005080174,-0.01006007,-0.000703294,-0.010457206,-0.015014483
11/30/2023,0.00306267,0.016763974,0.011404728,0.00015816,0.003937427,-0.016629793,0.003908525
12/1/2023,0.006791327,0.024052876,0.004869472,-0.011611908,0.005915863,-0.005206598,0.002433308
12/4/2023,-0.009464589,0.003157092,0.007332466,-0.01433903,-0.005249415,-0.013608006,-0.005437304
12/5/2023,0.021063201,-0.002077214,-0.000126686,0.009156425,-0.000196987,0.013328803,-0.019427853
12/6/2023,-0.005686969,-0.01217284,-0.010508316,-0.009986067,-0.00402984,0.00272283,-0.013241666
12/7/2023,0.010139364,-0.007789546,0.003070876,0.005829849,0.007630496,0.013660878,-0.006962065
12/8/2023,0.007412319,-0.006306274,0.011033835,0.008842113,0.00429904,0.004945586,0.0114813
12/11/2023,-0.012927348,0.0041445,0.003658765,-0.007829546,0.003889599,-0.016814267,0.000703222
12/12/2023,0.007920092,6.46E-05,0.008925169,0.00829519,0.004567212,-0.011387382,-0.015759825
12/13/2023,0.016691407,0.004643137,0.003364001,-2.67E-05,0.013789995,0.009619842,0.008872966
12/14/2023,0.000757856,0.006932148,0.018191983,-0.022544388,0.003209433,0.049145431,0.026890359
12/15/2023,-0.002725732,-0.010900513,0.007561458,0.013117207,-0.001646462,0.009759,-0.006694116
12/18/2023,-0.008503302,0.001804458,0.006052066,0.005178849,0.005625088,-0.005601571,0.007433124
12/19/2023,0.005360103,0.006562147,0.01335511,0.001637049,0.006080746,0.02039035,0.013182311
12/20/2023,-0.010713983,-0.020388562,-0.011279234,-0.007072755,-0.013857132,-0.03918825,-0.016700515
12/21/2023,-0.000769952,0.010243293,0.005703807,0.007878527,0.009481812,0.029780694,0.004542217
12/22/2023,-0.005547354,0.004004116,-0.000596985,0.002784239,0.002009797,-0.007701402,0.001769395
12/26/2023,-0.002841039,0.004374131,0.005914073,0.000213616,0.004222468,0.016116228,0.002256927
12/27/2023,0.000517901,0.00134485,0.00599778,-0.001574707,0.001808035,0.018822405,-0.004699447
12/28/2023,0.002226404,0.001471042,0.005313085,0.003234639,0.000377712,-0.031594284,-0.014459927
12/29/2023,-0.005424225,0.001021963,-0.00117453,0.002025234,-0.002894921,-0.018563856,-0.002096024
1/2/2024,-0.035786548,0.020607292,0.011640493,-0.013748641,-0.005596252,-0.000241458,0.023804723
1/3/2024,-0.007487657,0.006251014,-0.004358598,-0.000728124,-0.008166813,-0.04013365,0.008401772
1/4/2024,-0.012700069,-0.002111897,0.00663612,-0.007177414,-0.003221008,-0.002180769,-0.008719347
1/5/2024,-0.004013074,0.003112664,0.005017175,-0.000516536,0.001369669,-0.00184923,0.003029774
1/8/2024,0.024174868,0.002482303,-0.00145102,0.018871631,0.01427585,0.012463646,-0.016661927
1/9/2024,-0.002263416,0.000619268,-0.007906108,0.002935776,-0.001517062,-0.022832149,-0.012385787
1/10/2024,0.005671417,0.001484592,0.002109335,0.01857417,0.005655598,-0.004341183,-0.009832421
1/11/2024,-0.003222557,-0.004447882,-0.004209978,0.004859327,-0.000440739,-0.028725319,-0.000202851
1/12/2024,0.001778128,0.007694663,-0.007340064,0.009983708,0.00069265,-0.036660513,0.012972603
1/16/2024,-0.012317153,-0.011515379,-0.00627041,0.004633382,-0.003671043,0.004659894,-0.022611264
1/17/2024,-0.005173417,-0.000560827,-0.005357296,-0.002049801,-0.005558761,-0.019826295,-0.007267938
1/18/2024,0.032570639,0.004862241,0.001975005,0.011297464,0.008892744,-0.017026203,-0.001856058
1/19/2024,0.015533033,0.002915357,0.017261763,0.01218679,0.012466084,0.001463081,0.00154942
1/22/2024,0.01216339,0.004886132,-0.001174156,-0.005418179,0.002114452,-0.015976245,-0.001340702
1/23/2024,0.006653082,-0.016372283,-0.00658414,0.006027679,0.002916348,0.001628335,0.01125801
1/24/2024,-0.00348391,-0.005318784,0.008935434,0.009175147,0.001093393,-0.006263735,0.017260689
1/25/2024,-0.001696593,0.003774439,0.014310915,0.005738398,0.005438776,-0.121252931,0.02540149
1/26/2024,-0.009012774,-0.000376169,-0.003816209,-0.002321744,-0.001270399,0.003394815,0.008518663
1/29/2024,-0.003585929,-0.00087768,0.002611852,0.014334269,0.007919373,0.041909919,0.001262113
1/30/2024,-0.019245724,-0.003702175,0.020494703,-0.002758048,-0.000773428,0.003456784,0.016678004
1/31/2024,-0.019357746,0.000818794,-0.010835854,-0.026946359,-0.016317325,-0.022443776,-0.019456347
2/1/2024,0.013340726,-0.003398237,-0.00361312,0.015594385,0.013088049,0.008382761,-0.004085138
2/2/2024,-0.005405157,-0.0110508,0.005755951,0.01842569,0.010527426,-0.005030165,-0.004102056
2/5/2024,0.00984669,-0.005172099,-0.001316284,-0.013544979,-0.003641133,-0.036453653,-0.004118871
2/6/2024,0.008631795,0.014505767,0.00343835,-0.000394509,0.002903254,0.022313093,0.006893069
2/7/2024,0.000580984,-0.000506041,0.001884567,0.021110335,0.008340433,0.01339814,-0.000293156
2/8/2024,-0.005754655,-0.010001344,-0.003591175,0.000144939,0.000441751,0.010555473,0.017119799
2/9/2024,0.004093955,0.002301564,0.001201403,0.015551429,0.005779336,0.021154304,-0.021159989
2/12/2024,-0.009002034,0.006953506,0.004456922,-0.01257877,-0.00043883,-0.02810354,0.01375658
2/13/2024,-0.011274241,-0.008742588,-0.008703589,-0.021528636,-0.013773176,-0.021846598,-0.008608915
2/14/2024,-0.004809788,-0.004665439,0.010157241,0.009665302,0.009087731,0.025486373,-0.004933964
2/15/2024,-0.001574661,0.013997672,0.021814451,-0.007155203,0.006899667,0.062211806,0.028659239
2/16/2024,-0.00843041,-0.001148535,-0.004669978,-0.006149057,-0.004979849,-0.002494388,0
2/20/2024,-0.004113882,0.008368146,0.003909788,-0.003143198,-0.005505444,-0.030957752,-0.009447447
2/21/2024,0.004186052,0.005194372,0.006509904,-0.001514377,0.000905693,0.005212685,0.020437909
2/22/2024,0.011243746,0.011154608,0.011995701,0.023546551,0.020695617,0.013554445,-0.000858301
2/23/2024,-0.010034041,0.008663143,0.005025451,-0.003182254,0.000689658,-0.027556873,-0.008782074
2/26/2024,-0.007451253,-0.006487927,-0.003424185,-0.006823523,-0.003662455,0.038703926,0.003948447
2/27/2024,0.008114357,0.001181601,0.000490875,-0.000147212,0.001857624,0.001654974,-0.002110477
2/28/2024,-0.006625582,0.003540923,0.00506939,0.000588933,-0.001321579,0.011565602,0.002787762
2/29/2024,-0.003692913,-0.00105219,0.009111759,0.014519752,0.003594906,-0.000791865,0.001917192
3/1/2024,-0.006030443,0.004585242,-0.00413864,0.004496708,0.009388207,0.003764585,0.01262921
3/4/2024,-0.025381502,-0.014063593,0.007501757,-0.001396007,-0.001072338,-0.071555468,-0.013983444
3/5/2024,-0.028440622,0.000813296,0.010017197,-0.029571916,-0.009994192,-0.03933238,0.012265218
3/6/2024,-0.005878369,-0.0039382,0.005197606,-0.001390815,0.005067316,-0.023237867,0.010696775
3/7/2024,-0.000709353,-0.002949721,-0.008758533,0.017533504,0.009926328,0.011951969,0.005619521
3/8/2024,0.010236564,0.004091615,0.001863208,-0.007137035,-0.006002087,-0.018527835,0.009406677
3/11/2024,0.011831544,0.010719276,0.000371744,-0.004184929,-0.000859863,0.013858834,0.005905254
3/12/2024,0.002778593,0.009365519,0.008231859,0.026599482,0.010757472,-0.001293868,-0.006420926
3/13/2024,-0.012122625,-0.010077223,0.008112214,-0.000433403,-0.001567712,-0.045398208,0.011170724
3/14/2024,0.010927432,-0.011731932,-0.01781804,0.024379634,-0.001976761,-0.041184776,0.017712047
3/15/2024,-0.002196678,-0.006469429,0.012395589,-0.020695199,-0.006866524,0.00658466,-0.001794218
3/18/2024,0.006372408,-0.008977253,0.01240159,0.002161383,0.005943217,0.062542002,0.009256784
3/19/2024,0.01358517,-0.003508297,0.005865163,0.009800565,0.005556966,-0.01426925,0.007034601
3/20/2024,0.014709085,-0.002880739,0.013106992,0.009064798,0.009249343,0.025332688,-0.000884149
3/21/2024,-0.040857477,-6.45E-05,0.013905099,0.009735831,0.003304672,-0.016167575,0.004425022
3/22/2024,0.005310463,-0.003338403,-0.012257665,-0.001467134,-0.001895693,-0.011514902,0
3/25/2024,-0.008300548,-6.46E-05,-0.009154595,-0.013714597,-0.002762833,0.010536809,0.010221257
3/26/2024,-0.006672421,0.003543524,0.004671013,-0.002861502,-0.001846972,0.029195349,-0.007501053
3/27/2024,0.021212418,0.014059142,0.019363495,-0.00052186,0.008403804,0.012157391,0.01036992
3/28/2024,-0.01055895,0.001456105,0.00390925,-0.001684809,-0.000191159,-0.022465709,0.011046454
4/1/2024,-0.008455842,-0.002592025,-0.00678986,0.00915104,-0.001739752,-0.00324246,0.006452128
4/2/2024,-0.006998824,-0.000316874,-0.000401991,-0.007372085,-0.006357956,-0.049024063,0.019574332
4/3/2024,0.004797352,-0.021999552,-0.002816122,-0.002349171,0.001098414,0.01050231,0.000167598
4/4/2024,-0.004892273,-0.011409209,-0.007608556,-0.006112316,-0.01220615,0.016213301,0.003520625
4/5/2024,0.00450177,-0.000721345,0.009200317,0.018282593,0.010446857,-0.036292483,0.013782141
4/8/2024,-0.006663409,-0.005249739,0.005216406,-0.00218551,0.000559375,0.048999406,-0.006756244
4/9/2024,0.007242514,0.00461771,-0.006700899,0.003980317,0.001156792,0.022546013,0.005226042
4/10/2024,-0.011139364,-0.01372371,-0.008521531,-0.007084561,-0.010013165,-0.028946236,0.008417219
4/11/2024,0.043271014,-0.009387764,-0.000204482,0.011033291,0.007546863,0.016534768,-0.003355144
4/12/2024,0.008626634,-0.008535304,-0.064678083,-0.014091052,-0.013803029,-0.020332205,-0.011659292
4/15/2024,-0.021863603,0.000474654,0.000547191,-0.019578025,-0.012528167,-0.055948595,-0.005732439
4/16/2024,-0.019167304,-0.021275303,-0.011427723,0.002272452,-0.001823726,-0.027062145,-0.008272021
4/17/2024,-0.008147313,0.002215434,-0.003982058,-0.006609101,-0.005918362,-0.010565869,-0.000505502
4/18/2024,-0.005714399,0.006700094,0.006496858,-0.018380774,-0.002057581,-0.035509838,-0.000927395
4/19/2024,-0.012212485,0.014889647,0.025103688,-0.012738935,-0.008728397,-0.019208896,0.011474958
4/22/2024,0.005090578,0.008180482,0.019429471,0.004609959,0.00920907,-0.034002039,0.005672217
4/23/2024,0.006392144,0.002950454,0.014413093,0.016485495,0.011866638,0.018514534,0.003898582
4/24/2024,0.012701979,-0.006886638,0.004892343,0.003655712,-0.000474528,0.120611094,0.000165311
4/25/2024,0.005147403,-0.011512637,0.001501919,-0.024494947,-0.00379896,0.049651437,0.002313084
4/26/2024,-0.003472813,-0.004631566,0.000620603,0.018243613,0.009473829,-0.011105885,-0.027775469
4/29/2024,0.02480806,0.004653117,-0.00108534,-0.010016824,0.003541489,0.153069171,0.014241985
4/30/2024,-0.018270894,-0.015188951,-0.007967781,-0.032119287,-0.015841166,-0.055501181,-0.011451014
5/1/2024,-0.00604711,0.045577177,0.000625962,0.014409345,-0.003247213,-0.01795064,-0.018939635
5/2/2024,0.022031834,-0.008334464,-0.001042562,0.007343011,0.00935345,0.000111056,0.001809922
5/3/2024,0.059816266,-0.004335444,-0.006000216,0.022169664,0.012395333,0.006555236,-0.002064836
5/6/2024,-0.009106669,-0.004622405,0.007821124,0.016918309,0.010326796,0.01970303,0.006465549
5/7/2024,0.003797194,0.000942098,-0.001302023,-0.010156346,0.001103484,-0.037616352,-0.004967854
5/8/2024,0.001864039,0.001546463,0.020338829,0.002931663,9.66E-05,-0.01737808,-0.000172156
5/9/2024,0.010014155,0.006042301,0.009455847,0.00433574,0.005762047,-0.015739469,0.019715895
5/10/2024,-0.00689028,0.000400459,0.006430255,0.0058693,0.001287867,-0.020352387,-0.004052618
5/13/2024,0.017645509,0.008738689,-0.000201167,-0.002459449,0.000134307,0.020300339,-0.000423893
5/14/2024,0.006173573,0.001057964,0.013988722,0.006864602,0.004588283,0.032928057,0.006070343
5/15/2024,0.012217848,0.00852155,0.002977589,0.017483915,0.012382887,-0.020050676,0.00773362
5/16/2024,0.000632529,0.010545698,0.001781297,-0.004939929,-0.002057403,0.004885285,-0.00598755
5/17/2024,0.000157931,0.002333442,0.011458347,-0.001852733,0.001437662,0.014985189,0.015016463
5/20/2024,0.006162143,-0.013885207,-0.044972997,0.012208041,0.001151817,-0.014144087,-0.008107675
5/21/2024,0.006857295,-0.000198467,0.020145399,0.008699166,0.002452703,0.066590508,-0.006909831
5/22/2024,-0.007538413,0.01494332,-0.006064737,0.003449469,-0.002879278,-0.034780307,-0.020110311
5/23/2024,-0.021058215,-0.024755854,-0.007009055,-0.00817618,-0.007304161,-0.035367248,-0.017059177
5/24/2024,0.016588201,-0.01823646,0.01924642,0.007400487,0.006616036,0.031656497,-0.000792963
5/28/2024,5.29E-05,-0.017622513,-0.00602862,0.0003719,0.000699344,-0.013892019,0.012696177
5/29/2024,0.00157871,0.000415541,-0.006967485,-0.002672347,-0.007002983,-0.003168303,-0.010708694
5/30/2024,0.005255205,0.00581561,0.006158341,-0.033786185,-0.00663352,0.014756744,0.003168214
5/31/2024,0.0050187,0.009567498,0.016555402,0.001109312,0.009108154,-0.003971092,0.028686605
6/3/2024,0.009258677,0.007295357,-0.003997436,-0.003878363,0.000815359,-0.01005171,-0.02396385
6/4/2024,0.001649197,0.0004062,-0.013180084,0.00616668,0.00111789,-0.008622095,-0.015552603
6/5/2024,0.007821083,-0.012381674,-0.009540062,0.019083155,0.011885061,0.001315991,0.003994011
6/6/2024,-0.007096723,0.003082669,-0.001774275,0.001202794,-1.86E-05,0.016800014,0.007514247
6/7/2024,0.012392152,0.004507713,0.015438401,-0.001578044,-0.001215742,-0.002585179,-0.010704607
6/10/2024,-0.019147758,0.000340056,-0.00170035,0.009484253,0.003089771,-0.020791089,0.002926742
6/11/2024,0.072649082,-0.002514701,-0.026301277,0.011241778,0.002408456,-0.018010183,-0.008047461
6/12/2024,0.028578387,-0.009198883,-0.014560636,0.019367726,0.008212758,0.038849112,-0.011054479
6/13/2024,0.005491181,0.000275102,0.011120985,0.001178857,0.002013742,0.029217712,-0.008023202
6/14/2024,-0.008168477,0.000618782,0.000619508,0.002242063,0.00060827,-0.024442411,-0.008451397
6/17/2024,0.019671597,0.002817031,0.006192652,0.013105148,0.007958828,0.052974598,-0.006873851
6/18/2024,-0.010984435,-0.002055579,0.010360226,-0.004527317,0.002540835,-0.013764414,0.009413076
6/20/2024,-0.02151295,0.01462426,0.008477052,-0.001433951,-0.002716558,-0.017797216,0.021576265
6/21/2024,-0.010444469,0.006563888,-0.011929241,0.009154219,-0.001340608,0.007930755,-0.00877042
6/24/2024,0.003132639,0.002487314,0.013143151,-0.004691203,-0.00325074,-0.002349558,0.029703896
6/25/2024,0.004468217,-0.012942555,-0.00407297,0.007326752,0.003850754,0.026125557,0.002805732
6/26/2024,0.019993313,-0.002513786,-0.0032311,0.002683238,0.001248271,0.048145123,0.000349833
6/27/2024,0.003985845,-0.006947245,0.008813204,0.001526071,0.001576462,0.005347065,0.004282836
6/28/2024,-0.016254113,0.002469077,0.015514316,-0.013028605,-0.003934951,0.002330092,0.001914604
7/1/2024,0.029104656,0.001915724,0.015771816,0.021881536,0.002057794,0.060541719,-0.001389862
7/2/2024,0.016239866,-0.002799718,0.01645189,0.005583199,0.006729778,0.101972714,-0.006784929
7/3/2024,0.005811004,-0.002328387,-0.000670512,0.003244216,0.004462635,0.065424221,0.005079702
7/5/2024,0.021620368,0.005422414,-0.013250533,0.014736193,0.005766484,0.02082067,-0.012112248
7/8/2024,0.006538952,-0.00682688,0.001855675,-0.002823199,0.001153872,0.005645667,-0.010496661
7/9/2024,0.003774847,0.010792101,0.011990063,-0.014370172,0.000972397,0.037123365,-0.011053711
7/10/2024,0.018803593,0.016184991,0.000818773,0.014601472,0.009895283,0.003545242,0.008833739
7/11/2024,-0.023220886,0.001806688,-0.00168441,-0.024772087,-0.008622344,-0.084441275,0.011883471
7/12/2024,0.013050975,0.00120243,-0.012099256,-0.002529199,0.006307289,0.029871788,0.000176467
7/15/2024,0.016743268,-0.004270041,0.024934237,0.000904048,0.002750177,0.017765797,0.017127258
7/16/2024,0.001791826,0.011860087,0.016995826,-0.009780542,0.005930227,0.015516142,0.007204257
7/17/2024,-0.025295928,0.036884808,0.01521395,-0.01334771,-0.014021127,-0.031415644,0.013788431
7/18/2024,-0.020534917,-0.007408223,-0.031770262,-0.007102124,-0.007684866,0.002937609,0.009860667
7/19/2024,0.000579993,-0.004696922,-0.000952344,-0.007402876,-0.006640641,-0.040243947,-0.022979901
7/22/2024,-0.001560367,-0.002909105,0.002383242,0.01333749,0.010309854,0.051463201,-0.006892363
7/23/2024,0.004688349,-0.012253469,0.000237954,0.004312062,-0.00156862,-0.020396762,-0.016136026
7/24/2024,-0.028754384,0.025795519,-0.008272667,-0.035854726,-0.022662424,-0.123346046,0.014108114
7/25/2024,-0.004804625,0.021499948,0.000383339,-0.0244812,-0.005210309,0.019723109,0.021041568
7/26/2024,0.002161133,0.006264103,0.017108457,0.016419692,0.011199669,-0.002043119,-0.000851481
7/29/2024,0.001284605,-0.012948056,-0.006549196,0.003433182,0.000587802,0.055959977,-0.010483327
7/30/2024,0.002566055,0.017469731,0.020583382,-0.008928333,-0.005066556,-0.04084451,0.017829383
7/31/2024,0.014990788,-0.021570711,-0.011106436,-0.01080599,0.016254617,0.042449072,0.003554197
8/1/2024,-0.016750637,0.018435234,-0.022744409,-0.002963979,-0.014160985,-0.065540597,-0.013829122
8/2/2024,0.006869336,0.021025158,-0.042411978,-0.020666103,-0.018618143,-0.042377582,-0.000598406
8/5/2024,-0.048167022,-0.01760707,-0.021291611,-0.032656812,-0.029123865,-0.042326736,-0.018052717
8/6/2024,-0.009748299,-0.014139466,0.027911716,0.011286773,0.009219547,0.00884953,-0.00531496
8/7/2024,0.012498302,-0.000440389,0.000299522,-0.002952726,-0.006684105,-0.044258398,0.013314617
8/8/2024,0.016633278,0.008307354,0.018263469,0.010691823,0.023117484,0.036921162,0.019104419
8/9/2024,0.013735994,0.002496429,0.008527012,0.008269535,0.004409575,0.005833855,0.008143163
8/12/2024,0.007129924,-0.0046073,0.001895086,0.001945703,0.000525522,-0.012549973,0.001262064
8/13/2024,0.017193106,-0.009319372,0.008487197,0.017698744,0.016445611,0.052357061,-0.009579829
8/14/2024,0.002033591,0.000568128,0.011060963,0.006883754,0.00315478,-0.031034966,0.009248199
8/15/2024,0.013530709,0.003849091,0.006230865,0.011823859,0.017140163,0.063362768,0.006186524
8/16/2024,0.005918384,0.001885799,0.011439514,-0.006080253,0.002242107,0.009246268,-0.004716687
8/19/2024,-0.000707826,0.001505738,0.006916759,0.007312235,0.009561317,0.030538619,0.003046511
8/20/2024,0.002744699,0.003320169,-0.004316553,0.007757412,-0.001626061,-0.007273685,-0.03332481
8/21/2024,-0.000485676,0.007929513,0.000373038,-0.001553626,0.003436571,0.009814555,-0.006371109
8/22/2024,-0.008259754,0.00569924,0.009459331,-0.020252717,-0.007848513,-0.056478705,0.007729435
8/23/2024,0.010288175,0.010964041,0.007755011,0.002984091,0.010625274,0.045855898,0.013858651
8/26/2024,0.001498959,0.002924408,0.003939544,-0.007917792,-0.002383808,-0.032271244,0.021406484
8/27/2024,0.003741586,-0.002571128,0.004608194,0.000846551,0.001373294,-0.018760846,-0.009511033
8/28/2024,-0.00675353,0.005952926,0.005041349,-0.007829036,-0.005805296,-0.016538438,-0.009857295
8/29/2024,0.014570135,0.001891246,0.004157514,0.006137266,8.91E-05,0.002575936,0.013817423
8/30/2024,-0.003438041,0.009924989,0.011655493,0.009730907,0.0095463,0.037958124,-0.001608334
9/3/2024,-0.027205149,0.007837918,-0.020017685,-0.018459148,-0.020579029,-0.016393417,-0.020942913
9/4/2024,-0.008618694,0.001196537,-0.004403112,-0.001318925,-0.002046605,0.041832846,-0.012210963
9/5/2024,0.006927847,-0.014161046,-0.007750887,-0.001247191,-0.002432407,0.049040583,-0.007802997
9/6/2024,-0.007015124,-0.003697149,-0.023755903,-0.016381396,-0.016830092,-0.084459324,-0.004683039
9/9/2024,0.000407547,0.013565957,0.020474477,0.010007549,0.011196138,0.026289606,0.021040411
9/10/2024,-0.003621405,0.004621668,-0.05188872,0.020901088,0.004355916,0.045776084,-0.036431629
9/11/2024,0.011585161,-0.015294565,0.00812422,0.021342255,0.010259076,0.008666077,-0.009925982
9/12/2024,0.000494005,-0.001092065,-0.003040263,0.009360978,0.008423121,0.00736419,0.013762368
9/13/2024,-0.001212008,0.005344995,-0.011035658,0.008407296,0.005222671,0.002088663,-0.00071934
9/16/2024,-0.027775145,0.008881233,0.017325618,0.001741914,0.001476816,-0.015241628,0.014034965
9/17/2024,0.002172512,0.000478948,0.006687124,0.008832872,0.000408512,0.004806404,0.013042475
9/18/2024,0.017989997,-0.005506708,-0.008219701,-0.009973567,-0.002965604,-0.002940265,0.003503277
9/19/2024,0.03706537,-0.008004823,0.014214758,0.01829121,0.017064045,0.073591556,0.012393065
9/20/2024,-0.002927398,-0.004004368,0.002898212,-0.007796046,-0.001728494,-0.023245319,-0.006293118
9/23/2024,-0.007581022,-0.005726076,0.001658082,-0.004043276,0.002498905,0.049317943,0.018131257
9/24/2024,0.003973999,-0.002695846,0.000709344,-0.010011368,0.002861378,0.017080017,-0.002641399
9/25/2024,-0.004398092,-0.013392291,-0.006616506,0.006850412,-0.002205574,0.010815215,-0.019478775
9/26/2024,0.005080135,0.004919072,-0.001950592,-0.001851358,0.0039648,-0.010894047,-0.017164799
9/27/2024,0.001186637,6.20E-05,0.003432069,-0.007628069,-0.001450399,0.024545631,0.02677303
9/30/2024,0.022871942,0.004089319,0.001710165,0.005326952,0.004007198,0.004492104,0.012087813
10/1/2024,-0.029141535,-0.000431903,-0.018116286,-0.022333331,-0.008958388,-0.013798172,0.02311881
10/2/2024,0.002519743,-0.005062184,0.001207468,-0.008462204,0.000422074,-0.034880959,0.013257759
10/3/2024,-0.004894564,-0.004156911,-0.009937806,-0.00141448,-0.001828287,-0.033571603,0.008722838
10/4/2024,0.005007334,-0.001308602,0.035493832,-0.001152411,0.009087426,0.03914235,0.018355345
10/7/2024,-0.022530916,-0.004741397,-0.00137306,-0.015670758,-0.009040484,-0.036988164,0.004325893
10/8/2024,0.01840419,0.001002992,-0.000853349,0.012623923,0.009457552,0.015238958,-0.026561318
10/9/2024,0.016698246,0.00601162,0.01266907,0.006631092,0.006926484,-0.014110417,0.000409598
10/10/2024,-0.002178324,-0.000871387,-0.002717739,-0.003880611,-0.001750037,-0.009458613,0.008600295
10/11/2024,-0.006505275,0.005918597,0.044399602,0.001154425,0.005988234,-0.087825107,0.003816815
10/14/2024,0.016479933,0.000867214,-0.003643897,0.006773562,0.00817824,0.006244264,0.003802237
10/15/2024,0.011024618,0.015470168,0.004108739,-0.00095436,-0.007769391,0.001870796,-0.030061223
10/16/2024,-0.008851884,0.001096661,0.005620857,-0.006256781,0.004346199,0.008015642,0.002575708
10/17/2024,0.001596282,0.001156731,0.003487711,0.001441856,8.59E-05,-0.001987993,-0.002569091
10/18/2024,0.012276554,0.00395208,0.004233069,0.003455664,0.003846548,-0.000860168,-0.002825187
10/21/2024,0.006297899,-0.013868587,-0.010516046,0.001482548,-0.001642173,-0.008382378,0.000583272
10/22/2024,-0.002621787,0.003807616,0.005022398,0.020846334,-0.00053118,-0.004021041,0.005163403
10/23/2024,-0.02162295,0.014744462,-0.003167875,-0.00680688,-0.009137259,-0.019819275,-0.003562657
10/24/2024,-0.000823287,-0.013203802,0.00702738,0.000306208,0.002162694,0.219190351,-0.005653997
10/25/2024,0.003643036,-0.017046628,-0.011867751,0.008052067,-0.000345512,0.033438234,-0.000836182
10/28/2024,0.008599504,0.004475639,0.014349432,-0.003643593,0.003091538,-0.024815159,-0.004937691
10/29/2024,0.001156742,-0.009344229,-0.011529999,0.01256486,0.001618379,-0.011390121,-0.01362479
10/30/2024,-0.01527791,0.003248246,0.006774403,0.001342597,-0.003025209,-0.007590942,-0.005030736
10/31/2024,-0.018209494,-0.004669778,-0.011095734,-0.060527447,-0.019603299,-0.029897038,0.000771357
11/1/2024,-0.013279616,0.001689023,0.00459629,0.0098928,0.004220589,-0.003482131,-0.015670482
11/4/2024,-0.004037536,-0.011802827,-0.01417427,-0.004654294,-0.002153893,-0.024660613,0.031839841
11/5/2024,0.006486218,0.000694944,0.007780589,0.007344704,0.012091814,0.03541429,0.002950852
11/6/2024,-0.003266997,-0.002967934,0.115445254,0.021192832,0.024865593,0.147510324,0.017148576
11/7/2024,0.021372177,-0.007284261,-0.043228343,0.012494609,0.007731956,0.029043791,0.001239758
11/8/2024,-0.001188197,-0.008039248,0.002538197,-0.006793177,0.004331817,0.081876654,-0.000330086
11/11/2024,-0.012028521,-0.002765695,0.009747712,-0.0107209,0.000952886,0.089595911,-0.00528452
11/12/2024,0,-0.015479753,0.001128319,0.012009351,-0.00310644,-0.061457171,-0.000996116
11/13/2024,0.003969019,0.003930655,0.006678965,0.005129621,0.000485873,0.005327407,0.009306193
11/14/2024,0.013770446,-0.008940167,0.002944038,0.003974793,-0.006430102,-0.057715595,0.000663889
11/15/2024,-0.014109111,0.014025191,0.014222627,-0.02785278,-0.012808639,0.030657525,-0.010368222
11/18/2024,0.013422138,0.004999999,-0.001141472,0.001831359,0.00409741,0.056186047,0.008381465
11/19/2024,0.001140306,-0.011436333,-0.007917333,0.00488271,0.003655368,0.021432396,-0.013963826
11/20/2024,0.00315393,0.000718849,-0.009502705,-0.00550523,0.000338933,-0.011473992,0.01424584
11/21/2024,-0.002095897,0.015609559,0.016529618,-0.004316785,0.005368247,-0.006987645,0.013381041
11/22/2024,0.005907517,-0.002121981,0.015484625,0.010003132,0.003099394,0.038040226,-0.001148153
11/25/2024,0.013050866,0.003931022,0.007000524,0.004292562,0.00339221,-0.039624465,-0.014943741
11/26/2024,0.009404344,-0.000129434,-0.001278565,0.021968032,0.005221276,-0.00106319,-0.016670911
11/27/2024,-0.000553077,0.005695104,-0.000720074,-0.011682432,-0.003029985,-0.015788062,-0.002627661
11/29/2024,0.010215818,-0.002509684,-0.000280202,0.001111035,0.006211842,0.036858988,0.002549625
12/2/2024,0.009522536,-0.001354626,-0.01389552,0.017758582,0.001792534,0.034563659,-0.000932569
12/3/2024,0.012771882,-0.015762241,-0.005807056,0.000510433,0.000463945,-0.015878302,-0.001527323
12/4/2024,0.00148367,-0.012404832,-0.005800308,0.014424901,0.00620951,0.018524782,-0.028809351
12/5/2024,0.000123414,-0.00631345,0.008545666,0.011887822,-0.001645637,0.032296812,0.004375151
12/6/2024,-0.000822974,-0.001404683,0.007658511,0.002146336,0.001895489,0.053397958,-0.010541768
12/9/2024,0.016101202,0.001942423,-0.014351615,0.00552334,-0.005149571,0.001464486,-0.005899508
12/10/2024,0.00413378,-0.002473383,-0.003896481,-0.006031154,-0.003109094,0.028733373,-0.002037199
12/11/2024,-0.005166049,-0.017355755,0.002758801,0.012767049,0.007730637,0.059303223,-0.006656683
12/12/2024,0.005963711,-0.002727594,-0.008212557,0.001269531,-0.00515264,-0.015702576,-0.00089351
12/13/2024,0.000685508,0.002598274,-0.006582941,-0.005093871,-0.000198515,0.043362843,-0.008764088
12/16/2024,0.011727845,-0.01889221,-0.001500349,0.009658585,0.004269953,0.061412506,-0.021382132
12/17/2024,0.009719525,0.01779628,-0.005092295,0.006355281,-0.004119991,0.036369912,-0.004240727
12/18/2024,-0.02142185,-0.011337921,-0.033520776,-0.037560993,-0.029803461,-0.082794944,-0.014720918
12/19/2024,0.007014733,-0.00808311,0.011242764,-0.000823051,-0.000307153,-0.008997322,-0.008551054
12/20/2024,0.018815883,0.006198695,0.019917653,-0.000983911,0.012011014,-0.034642491,0.003412132
12/23/2024,0.00306492,0.005537347,0.003324962,-0.003092063,0.005988314,0.022657124,0.004061463
12/24/2024,0.011478016,0.003992666,0.016443563,0.009373849,0.011114993,0.073571742,0.000940749
12/26/2024,0.003175574,-0.001851357,0.003425334,-0.002776936,6.66E-05,-0.017629995,0.000845841
12/27/2024,-0.013242081,-0.003640446,-0.008102303,-0.017301629,-0.010526481,-0.049479226,-9.39E-05
12/30/2024,-0.013263394,-0.011789092,-0.007670943,-0.013239579,-0.011411585,-0.033012093,-0.00676172
12/31/2024,-0.00705786,0.008929801,0.001629633,-0.007838273,-0.003638136,-0.032510019,0.017114163
1/2/2025,-0.026235861,-0.004148813,0.001209738,-0.006927654,-0.002457018,-0.060816159,-0.002417071
1/3/2025,-0.002009509,0.001180551,0.013666753,0.01139568,0.012503617,0.082155673,0.005125311
1/6/2025,0.006739006,-0.003675759,-0.004875382,0.010629484,0.005760509,0.001486174,-0.001112498
1/7/2025,-0.011387652,0.017889325,0.009632407,-0.01280827,-0.011304149,-0.04060334,0.009374389
1/8/2025,0.002022989,-0.027080581,-0.000164415,0.005185057,0.001460906,0.001470781,-0.016735616
1/10/2025,-0.024103788,-0.001476042,-0.013408559,-0.013213585,-0.01526743,-0.000506437,-0.003647269
1/13/2025,-0.010344108,0.01696471,0.018093222,-0.004201085,0.001550585,0.021710512,0.025811917
1/14/2025,-0.0047782,0.00193827,0.013349067,-0.003643392,0.001375843,-0.017232432,0.003934442
1/15/2025,0.01967589,0.001519737,0.019719643,0.025597155,0.018190137,0.080381514,0.016314197
1/16/2025,-0.040400241,0.0193142,0.007608485,-0.004058005,-0.001923102,-0.03362756,-0.001703732
1/17/2025,0.007535247,-0.005007704,0.019231537,0.010480942,0.010039795,0.030641323,0.008983117
1/21/2025,-0.031915794,0.00761733,0.014932677,-0.001235386,0.00915348,-0.005697521,-0.007567682
1/22/2025,0.005345039,-0.019439696,-0.000722167,0.041307041,0.005621538,-0.021128639,-0.017403859
1/23/2025,-0.000759547,0.009430783,0.011832252,0.001142933,0.005458059,-0.006576523,0.005660571
1/24/2025,-0.003934506,0.001227553,-0.00417358,-0.005932318,-0.002919265,-0.014064742,-0.013526979
1/27/2025,0.031780216,0.04134308,0.003813519,-0.021393476,-0.01414556,-0.02319345,0.013896457
1/28/2025,0.036543879,-0.016416853,0.0048524,0.029086916,0.008592421,0.00236687,-0.01933368
1/29/2025,0.004616938,0.005120311,-0.002096445,-0.010890101,-0.004482865,-0.022582809,0.005831233
1/30/2025,-0.007394764,0.011379379,0.006189549,-0.061808991,0.005367083,0.028732954,0.00828187
1/31/2025,-0.006692219,-0.004709895,-0.003467098,0.000168614,-0.005321912,0.010792464,-0.025006676
2/3/2025,-0.033855974,-0.001840224,-0.001833218,-0.009974383,-0.006729553,-0.05170542,0.002433588
2/4/2025,0.021007883,0.010666988,0.004235317,0.003528625,0.00670837,0.022232066,0.026799848
2/5/2025,-0.001417487,0.007818116,0.009292998,0.002231072,0.004054423,-0.035797094,-0.000727549
2/6/2025,0.003226291,-0.007628262,0.023924817,0.006121527,0.003475835,-0.010180622,-0.013196106
2/7/2025,-0.023968882,-0.002540583,-0.003972426,-0.014597599,-0.009153614,-0.033928222,0.004242365
2/10/2025,0.001187391,0.007314472,-0.017258823,0.006028061,0.006791224,-0.030114441,0.019101942
2/11/2025,0.02183183,0.012253634,0.014573351,-0.001892164,0.000760438,-0.063382118,0.006307971
2/12/2025,0.018270136,-0.005572216,0.001672867,-0.005833156,-0.003221485,0.024383591,-0.030086783
2/13/2025,0.0196732,0.012817299,0.003158528,0.003666991,0.010557501,0.057739717,0.007265972
2/14/2025,0.012710698,-0.006995263,0.000977041,-0.005139581,-4.91E-05,-0.000280963,0.001017219
2/18/2025,-0.000531486,0.000516368,0.01214811,0.002962607,0.002935796,-0.004861767,0.017553648
2/19/2025,0.001636091,0.018710849,-0.002500447,0.012523262,0.002354919,0.018214714,0.001452754
2/20/2025,0.003920518,0.011337011,-0.044583769,0.005290562,-0.004160346,-0.017084545,0.01541241
2/21/2025,-0.001138959,0.016407839,-0.009595287,-0.019032497,-0.017104108,-0.046839747,-0.01169632
2/24/2025,0.006312304,0.008872485,-0.010974843,-0.010313371,-0.004550407,-0.021521579,0.005239788
2/25/2025,-0.000242786,0.014351913,-0.015076182,-0.015099051,-0.004973287,-0.083895595,-0.013840266
2/26/2025,-0.027040186,-0.018122536,0.005400284,0.004599282,0.000504902,-0.03963012,-0.00246057
2/27/2025,-0.012730832,0.003985704,0.001004464,-0.018012148,-0.015961911,-0.030433205,0.006303673
2/28/2025,0.01913186,0.007878875,0.021617521,0.011362149,0.015605491,0.039120405,0.010712648
3/3/2025,-0.015754295,0.013695157,-0.015227487,-0.021411156,-0.017519771,-0.028432032,-0.032066785
3/4/2025,-0.008822402,-0.01111912,-0.03978985,0.0003089,-0.011836973,-0.044299967,-0.002041498
3/5/2025,-0.000805233,-0.001813424,0.005114868,0.031934315,0.010747947,0.025952056,-0.019527624
3/6/2025,-0.001739169,0.004299864,-0.019838627,-0.01029863,-0.017751155,-0.056073069,0.020675264
3/7/2025,0.015892551,0.005186162,-0.01727913,-0.009020241,0.005604777,-0.002960709,0.013008714
3/10/2025,-0.048479588,0.006058972,-0.041522129,-0.033434166,-0.026635619,-0.154262068,0.025499888
3/11/2025,-0.029189255,-0.010971908,-0.013263317,0.000762825,-0.00831278,0.03794737,-0.023613571
3/12/2025,-0.01747883,-0.01814776,-0.005411604,0.007412314,0.005306376,0.075938912,-0.000274978
3/13/2025,-0.033643635,0.000859562,-0.011891153,-0.011741195,-0.013330438,-0.029868208,-0.00421506
3/14/2025,0.018170561,-0.001104354,0.032195021,0.025846951,0.020655906,0.038640532,0.029723018
3/17/2025,0.002388821,0.000184375,0.006410292,0.000360318,0.007711447,-0.047883836,0.016621941
3/18/2025,-0.006121501,0.008658721,0.004445713,-0.013326583,-0.010808596,-0.053359091,-0.001054807
3/19/2025,0.011989321,-0.007671268,0.017619369,0.011211957,0.010890957,0.046824389,0.015575511
3/20/2025,-0.005296388,0.000184075,-0.000418312,-0.002526883,-0.002891808,0.001695895,0.004245716
3/21/2025,0.019476755,0.003741977,0.010961958,0.011425948,0.000329892,0.052696235,-0.003451285
3/24/2025,0.011270502,-0.002077928,0.026610897,0.004651579,0.017908488,0.119335801,0.002597394
3/25/2025,0.013681912,-0.013901693,0.012376073,0.005291588,0.002403822,0.035022808,0.006822082
3/26/2025,-0.009921909,0.004347241,-0.000398165,-0.013133912,-0.011938336,-0.055806262,0.014409462
3/27/2025,0.010472666,0.008718981,-0.011592268,0.001564164,-0.002655627,0.003932983,-0.003212838
3/28/2025,-0.026580254,0.003555343,-0.021239725,-0.030160317,-0.020138431,-0.035074935,-0.001357251
3/31/2025,0.019412629,0.013010789,0.010088536,-0.009002089,0.00671269,-0.016657121,0.010192779
4/1/2025,0.004771909,-0.07591651,-0.006685606,0.018114609,0.002824665,0.03588512,0.000924913
4/2/2025,0.003136336,0.013768214,0.008864793,-0.00013087,0.006328298,0.053266851,-0.003108293
4/3/2025,-0.092456056,0.028707677,-0.069685168,-0.023630134,-0.049280587,-0.054746111,-0.05258274
4/4/2025,-0.072887386,-0.04117134,-0.074838314,-0.035565909,-0.058543101,-0.104197868,-0.071955899
4/7/2025,-0.036734381,-0.017097285,0.019783111,-0.005502398,-0.001781188,-0.025644237,-0.013417654
4/8/2025,-0.049818097,-0.004116437,0.011331779,-0.009221575,-0.015662754,-0.048994783,-0.021080214
4/9/2025,0.153288437,0.006466656,0.080555193,0.101336858,0.105019378,0.226899898,0.049915751
4/10/2025,-0.042393711,-0.015102184,-0.030852629,-0.023406434,-0.043819063,-0.072740696,-0.055482091
4/11/2025,0.040594424,0.020445045,0.040024661,0.01861821,0.017842776,-0.000356562,0.032122431
4/14/2025,0.022053997,0.017333452,-0.006265926,-0.001647715,0.009701507,0.000158569,0.002423895
4/15/2025,-0.001876374,-0.004793859,-0.006773831,-0.005363337,-0.002800907,0.006974418,-0.002804799
4/16/2025,-0.03893338,0.00188772,-0.015098932,-0.036606105,-0.022228078,-0.049427404,0.01057222
4/17/2025,0.013949651,0.023130296,0.010234742,-0.010306441,0.001426835,-0.00074522,0.026202048
4/21/2025,-0.019392856,-0.003492707,-0.012803966,-0.023546576,-0.023802766,-0.057463626,-0.014683794
4/22/2025,0.034065076,0.005289339,0.0288222,0.021441084,0.026017822,0.046021983,0.02800189
4/23/2025,0.024331715,-0.015023769,0.022454291,0.020636982,0.01549548,0.053662244,-0.008587235
4/24/2025,0.018426112,-0.002896153,0.015609401,0.034482628,0.021049029,0.034976486,0.011735022
4/25/2025,0.004367135,-0.002259061,-0.004455511,0.011748168,0.00722531,0.09803091,-0.000552273
4/28/2025,0.004109421,0.00498133,-0.001355012,-0.001760984,0.00038116,0.003263705,0.000552578
4/29/2025,0.005091847,0.003604746,0.005756141,0.007362839,0.00629939,0.021512501,-0.002485486
4/30/2025,0.006107659,0.002565483,0,0.003096015,0.000396942,-0.033797881,-0.025193794
5/1/2025,0.003858891,-0.011835188,0.009279747,0.076253622,0.00708698,-0.005812357,0.001420084
5/2/2025,-0.037361736,0.01074685,0.022763125,0.023225214,0.014844024,0.023848577,0.004065009
5/5/2025,-0.031458531,-0.007173934,0.00019802,0.002044703,-0.005734216,-0.024198259,-0.0276809
5/6/2025,-0.001910697,-0.003419322,-0.013105821,-0.006557113,-0.008358436,-0.017519459,0.013943889
5/7/2025,-0.011384749,0.018320739,0.000561707,9.24E-05,0.004205528,0.003159597,-0.00095499
5/8/2025,0.00631851,-0.010425865,0.016359877,0.011122573,0.006967763,0.031134625,0.013956594
5/9/2025,0.005266151,-0.009251059,-0.001538581,0.001278021,-0.001274221,0.047187705,0.011690314
5/12/2025,0.063146099,-0.000518781,0.027540677,0.024001059,0.033047433,0.067457904,0.017239925
5/13/2025,0.010152296,-0.036979247,0.011382457,-0.000266979,0.006604074,0.049280741,0.002748177
5/14/2025,-0.002817812,-0.014012448,0.009999778,0.00846066,0.001277977,0.04073992,-0.008953007
5/15/2025,-0.004144435,0.022205565,0.006964234,0.002255986,0.00488418,-0.013978329,0.010140474
5/16/2025,-0.000898584,0.011496419,0.000261469,0.0025158,0.006334045,0.020885606,-0.003591824
5/19/2025,-0.011739086,0.007665561,-0.010016259,0.010126248,0.001093924,-0.022544187,-0.015897918
5/20/2025,-0.00919629,0.007672521,0.003020119,-0.001525564,-0.003362154,0.005057181,-0.0142764
5/21/2025,-0.023059115,-0.003123823,-0.017464606,-0.012222491,-0.01685088,-0.026758222,-0.012291444
5/22/2025,-0.003612234,-0.0037211,-0.001417344,0.005059984,0.000394814,0.019185983,-0.006656387
5/23/2025,-0.030244329,0.00216234,0.000153457,-0.010288878,-0.006825851,-0.004984788,0.000582665
5/27/2025,0.025298341,0.010617265,0.017567388,0.023346173,0.020790578,0.069399477,0.0047558
5/28/2025,0.001048885,-0.005350784,-0.006785061,-0.007228237,-0.005785348,-0.016506436,-0.01362045
5/29/2025,-0.002345136,0.007544427,0.003339799,0.002886061,0.003947442,0.004286912,0.005680123
5/30/2025,0.004501177,0.010613501,-0.001399609,0.003662684,-0.001118506,-0.033395646,-0.003797764
6/2/2025,0.004231978,0.001224017,0.002500099,0.003497235,0.005632921,-0.010881456,0.007331282
6/3/2025,0.007783842,-0.00630624,0.006083045,0.002164687,0.005702557,0.004610542,0.007278002
6/4/2025,-0.002213679,-0.007771003,-0.007698789,0.001943937,-0.000268512,-0.035495401,-0.014450755
6/5/2025,-0.010797773,0.002871697,-0.008591193,0.00821359,-0.004832756,-0.142598938,-0.004594422
6/6/2025,0.016398234,0.008915722,0.014430208,0.005773079,0.010269135,0.036670186,0.023961497
6/9/2025,-0.012112648,0.001290105,0.003800648,0.005038561,0.000901229,0.045537614,0.006713409
6/10/2025,0.006056171,0.007859418,0.006973242,-0.003870951,0.005669718,0.056743828,0.021434715
6/11/2025,-0.019193789,-0.00760629,-0.00167542,0.003609943,-0.002852077,0.001042646,0.019492553
6/12/2025,0.002112939,0.009017051,0.00033553,0.013224082,0.003974378,-0.022424432,0.003842236
6/13/2025,-0.013805233,0.002808739,-0.012264807,-0.008165017,-0.011180161,0.019429076,0.021780811
6/16/2025,0.010028016,-0.011966974,0.02041869,0.008800751,0.009514136,0.011742668,0.003210826
6/17/2025,-0.014010673,-0.018296597,-0.003106976,-0.002295769,-0.008544967,-0.038829637,0.013513447
6/18/2025,0.004804711,-0.010828151,0.016473805,0.004602103,-0.00015092,0.01801796,-0.007105152
6/20/2025,0.022484525,-0.006236511,0.003796097,-0.005913794,-0.002348371,0.000341611,0.013340351
6/23/2025,0.002487447,0.010214427,0.011890926,0.018014329,0.009877486,0.082319309,-0.025806448
6/24/2025,-0.005955226,0.005749361,0.010745049,0.00845671,0.011047289,-0.023545921,-0.030427767
6/25/2025,0.006290559,0.000591422,0.009955151,0.004407236,0.000560181,-0.037947582,0.000276929
6/26/2025,-0.002778318,-0.001773114,0.01651059,0.010522669,0.007823912,-0.005403722,0.014948768
6/27/2025,0.000397998,0.002631574,-0.005679662,-0.003035506,0.004968221,-0.006599527,-0.005545957
6/30/2025,0.020340082,0.002230715,0.009752311,0.002964115,0.00478128,-0.018446995,-0.01444503
7/1/2025,0.012916184,0.020752883,0.001724742,-0.010775838,-0.000323614,-0.053358975,0.013357989
7/2/2025,0.022230711,-0.002308993,0.005475127,-0.001950959,0.004533365,0.049682428,0.016569051
7/3/2025,0.005225113,0.002892745,0.018582069,0.015781182,0.0078813,-0.000950381,0.010355665
7/7/2025,-0.016857927,-0.004743142,-0.01361485,-0.002245188,-0.007452071,-0.067892828,-0.009714721
7/8/2025,0.00028581,0.003348906,-0.031475725,-0.002210129,-0.000547636,0.013165936,0.027720219
7/9/2025,0.005380693,0.003145377,0.00134368,0.013873822,0.005996656,-0.006480617,-0.003415294
7/10/2025,0.006014906,0.009022149,0.017763915,-0.004031702,0.002820357,0.047282648,0.009929702
7/11/2025,-0.005884825,-0.005009893,-0.004615189,0.003669118,-0.003515507,0.011746909,0.00435044
7/14/2025,-0.012028818,-0.000509672,0.00641457,-0.000596012,0.001908184,0.010813001,-0.01308154
7/15/2025,0.00234886,-0.010521676,-0.007447314,0.005566419,-0.004273212,-0.019312071,-0.008865856
7/16/2025,0.005021289,0.061931943,-0.002547591,-0.000395479,0.003343174,0.035040912,-0.006022521
7/17/2025,-0.000666248,-0.010923546,0.014274741,0.01202486,0.006119638,-0.007025864,-0.005078849
7/18/2025,0.005523258,0.004417752,0.004725825,-0.00322456,-0.000732236,0.032059078,-0.034837941
7/21/2025,0.006155876,0.004031826,-0.001029986,1.96E-05,0.001896045,-0.003518895,0.00259824
7/22/2025,0.009036224,0.021720498,0.001580777,-0.009390996,0.000143195,0.011020108,0.004534918
7/23/2025,-0.001166098,0.006967193,0.018289244,0.001187423,0.008507378,0.00135501,0.012806341
7/24/2025,-0.00182115,0.002720314,-0.000707736,0.009903745,0.000331127,-0.081970201,0.007823176
7/25/2025,0.00056136,-0.007431051,0.006980328,0.005539546,0.004224338,0.035244056,-0.003520247
7/28/2025,0.000794903,-0.012358797,-0.001138573,-0.002355409,-0.000251069,0.030152499,0.009420296
7/29/2025,-0.012987609,0.011370413,-0.004157003,0.00013655,-0.002637662,-0.013483166,0.012921744
7/30/2025,-0.01050788,-0.005056245,0.00871926,0.001307163,-0.001259272,-0.006724793,-0.008681749
7/31/2025,-0.007079645,-0.015066379,-0.011314026,0.039474533,-0.003751164,-0.033757583,-0.002323645
8/1/2025,-0.025003554,0.015721884,-0.023190619,-0.017600678,-0.016390514,-0.018295599,-0.017914588
8/4/2025,0.004792909,0.022171608,0.016898819,0.021999251,0.015199764,0.021907956,-0.020704109
8/5/2025,-0.002114647,-0.001753745,-0.009821367,-0.014729998,-0.005070024,-0.001746131,-0.001210767
8/6/2025,0.050906782,-0.000878733,-6.85E-05,-0.005324582,0.007659858,0.036246445,-0.006807177
8/7/2025,0.03179365,0.005510277,-0.015136407,-0.007810406,-0.000837734,0.007377029,-0.005257805
8/8/2025,0.042357935,0.010493776,0.006342761,0.00230397,0.007797555,0.022900069,0.008022687
8/11/2025,-0.008337426,0.002827083,0.002770433,-0.000517128,-0.001977404,0.028454437,-0.009082449
8/12/2025,0.010872419,-0.005983294,0.011362173,0.014316695,0.010645981,0.005338753,0.002834743
8/13/2025,0.016024445,0.009492019,-0.007922175,-0.016363074,0.003423228,-0.00428351,0.013850954
8/14/2025,-0.002357169,0.001719849,0.0124943,0.003649548,9.29E-05,-0.011196942,-0.002044606
8/15/2025,-0.005112069,0.010989031,-0.012476192,-0.004421089,-0.002341198,-0.014959143,0.000939975
8/18/2025,-0.003022663,-0.002207882,0.003580264,-0.005902,-0.000217713,0.013915798,0.002159816
8/19/2025,-0.001429194,0.008794365,-0.002984254,-0.014175143,-0.005425101,-0.017454368,0.006559185
8/20/2025,-0.019734653,0.005849184,0.00543595,-0.007944713,-0.002657081,-0.016428301,0.010333306
8/21/2025,-0.004911305,0.00050329,-0.00263485,-0.00128746,-0.004011713,-0.011701169,0.006449866
8/22/2025,0.012716819,0.002011974,0.016365181,0.005929794,0.015356734,0.06216621,0.018767721
8/25/2025,-0.002634307,-0.004908178,-0.004523373,-0.005855363,-0.00440102,0.019381772,0.004133696
8/26/2025,0.009464634,-0.003500754,0.012444991,-0.004402542,0.004186969,0.014627834,-0.002237319
8/27/2025,0.005145918,0.001699873,0.002378048,0.009361843,0.002278453,-0.005886221,0.011301442
8/28/2025,0.008980813,-0.007579581,0.005981054,0.005722846,0.00354142,-0.010354677,0.005321508
8/29/2025,-0.001805955,0.009803246,0.001162364,-0.005788385,-0.005963639,-0.035002068,0.00829292
9/2/2025,-0.010424763,0.005023434,-0.005706326,-0.003098603,-0.007410348,-0.013508281,0.003499801
9/3/2025,0.038089832,-0.000336925,-0.000633858,0.000455385,0.005419643,0.014361219,-0.024239128
9/4/2025,0.005493356,0.004269586,0.014390278,0.005184534,0.008357321,0.01328984,0.004378418
9/5/2025,-0.000375306,-0.001846003,-0.031071199,-0.025533048,-0.002896099,0.036363092,-0.028202792
9/8/2025,-0.007551387,-0.001681304,-0.004993572,0.006464666,0.002456482,-0.012655349,0.005676018
9/9/2025,-0.014839386,-0.006568232,0.016865326,0.000421457,0.00231198,0.001645518,0.00728273
9/10/2025,-0.032259541,-0.006611659,0.009031362,0.003932624,0.002890805,0.002363338,0.01671944
9/11/2025,0.014286371,0.015416211,0.016703214,0.00127902,0.0083101,0.060438737,-0.003200014
9/12/2025,0.01756296,-0.002465124,0.004418179,0.017744143,-0.000334443,0.073560926,0.000178272
9/15/2025,0.011235926,-0.003706606,0.00648396,0.010707963,0.005323868,0.035611471,0.001694012
9/16/2025,0.00612589,-0.005298648,0.000938882,-0.012263246,-0.001376885,0.028241114,0.02073879
9/17/2025,0.003527257,0.00419352,0.008279658,0.00192516,-0.001242457,0.010056426,0.005319146
9/18/2025,-0.004644562,-0.017155797,0.004747466,-0.003078311,0.0046725,-0.02115714,-0.011796354
9/19/2025,0.03203286,0.011655974,0.004948343,0.018645043,0.004952868,0.022118271,-0.009742856
9/22/2025,0.043095738,-0.011237839,-0.007433688,-0.006719114,0.004731049,0.019104804,-0.007090942
9/23/2025,-0.006443219,0.013604239,0.000960098,-0.010146789,-0.005443563,-0.019253323,0.017229093
9/24/2025,-0.008332389,0.00062296,0.002174433,0.001806599,-0.003181665,0.03977927,0.005353222
9/25/2025,0.018073061,0.005885923,9.58E-05,-0.006115803,-0.004613375,-0.04381308,0.008990913
9/26/2025,-0.005489213,0.011140641,0.008326582,0.008737114,0.005729034,0.040175674,0.014101625
9/29/2025,-0.004031903,0.010628252,-0.001170608,0.006139168,0.002810447,0.006380558,-0.025592904
9/30/2025,0.000786057,0.020922768,-0.000823716,0.006510093,0.003766835,0.003406985,-0.012869946
10/1/2025,0.003220304,0.003397618,-0.014963637,0.003397968,0.00340748,0.033144428,-0.006740591
10/2/2025,0.006576637,-0.000376198,-0.010170241,-0.00763886,0.001151825,-0.051059922,-0.006250524
10/3/2025,0.003461255,0.014302647,0.008063712,0.003121581,-1.48E-05,-0.014151407,0.017701513
10/6/2025,-0.005154581,-0.002544553,0.002106665,0.021687617,0.003586272,0.05448669,0.00829944
10/7/2025,-0.000818004,0.003879706,-0.004819127,-0.008684007,-0.003707514,-0.044478773,0.000525442
10/8/2025,0.006160159,0.004235253,-0.011895018,0.001660442,0.005963055,0.012930352,-0.002100527
10/9/2025,-0.015577804,0.007327765,0.00493364,-0.004667863,-0.002896975,-0.007180455,-0.00973503
10/10/2025,-0.034522048,-0.001884126,-0.01518665,-0.021899001,-0.027027862,-0.050626849,-0.019307421
10/13/2025,0.009744353,0.000943841,0.023530068,0.006047447,0.015344118,0.05419721,0.013636666
10/14/2025,0.000444181,-0.000261886,-0.019125215,-0.000933722,-0.001221646,-0.015278742,0.000445526
10/15/2025,0.006336506,0.001676671,0.011950451,-0.000272623,0.00443953,0.01376853,-0.006055791
10/16/2025,-0.007579974,0.004969451,-0.023389623,-0.003544761,-0.006810135,-0.014707558,-0.008690989
10/17/2025,0.019559482,0.005725627,-0.003282639,0.003850667,0.005676205,0.024629732,0.014461318
10/20/2025,0.039438583,0.002587573,0.016131074,0.006250164,0.0104005,0.01848352,0.00409841
10/21/2025,0.002021161,-0.009498146,-0.017429501,0.001683425,-1.49E-05,-0.010794955,8.87E-05
10/22/2025,-0.016440186,0.005524188,-0.010030688,0.005563383,-0.005198916,-0.008201547,0.017744656
10/23/2025,0.004372292,-0.002435859,0.001462148,3.86E-05,0.005929963,0.022803403,0.011071375
10/24/2025,0.012481605,-0.010755081,0.020031199,0.005858991,0.008172555,-0.033988172,-0.005087088
10/27/2025,0.022791195,-0.000525065,0.012348538,0.015106801,0.011797664,0.043115402,0.004766462
10/28/2025,0.000706778,-0.017708954,0.003978286,0.01984869,0.002655926,0.017969971,-0.007848851
10/29/2025,0.002602357,-0.001765321,0.000491286,-0.000959392,0.00048046,0.002084512,0.012344532
10/30/2025,0.006303249,0.013129608,0.012863716,-0.029157024,-0.010998098,-0.046391201,-0.015113798
10/31/2025,-0.003795156,-0.000952097,0.005429115,-0.01512096,0.003280131,0.037400571,-0.002877278
11/3/2025,-0.004882115,-0.013819012,-0.005688994,-0.001506333,0.00187674,0.025867351,-0.00524659
11/4/2025,0.003679636,0.003221333,-0.000323266,-0.005222027,-0.011853547,-0.051476366,0.003340304
11/5/2025,0.000370253,-0.004602487,0.007857682,-0.013940528,0.003465385,0.040089131,-0.004029982
11/6/2025,-0.001369665,0.005215179,0.005582646,-0.019835979,-0.010729364,-0.034973063,0.007213155
11/7/2025,-0.004818894,-0.002139373,0.002520552,-0.000563249,0.000984565,-0.036756329,0.023755488
11/10/2025,0.004548581,0.009862229,0.008529359,0.018477509,0.01560437,0.036575765,0.008530968
11/11/2025,0.021601263,0.028766971,-0.004007827,0.005296408,0.002289177,-0.012600264,0.013195751
11/12/2025,-0.006466751,0.002889103,0.015176566,0.004836108,0.00055639,-0.020517695,-0.013858787
11/13/2025,-0.001901627,0.004424203,-0.034112382,-0.015357829,-0.016593906,-0.06644221,0.005672175
11/14/2025,-0.001978283,0.003482693,-0.018967591,0.01368988,-0.000163733,0.005870832,0.012992573
11/17/2025,-0.018171272,0.018629082,-0.010671501,-0.005272698,-0.00931653,0.011302108,-0.013496559
11/18/2025,-7.48E-05,0.0021044,-0.003195972,-0.026995525,-0.008397554,-0.018756757,0.011471751
11/19/2025,0.004187958,0.012550044,0.01289186,-0.013507824,0.00386327,0.006828636,-0.014114073
11/20/2025,-0.008601463,0.002765346,-0.016124142,-0.016001331,-0.015242227,-0.021683654,-0.002812121
11/21/2025,0.019680647,0.004087151,-0.001206586,-0.013188949,0.009961138,-0.01047495,0.000512761
11/24/2025,0.016317582,0.010544488,-6.70E-05,0.003982057,0.014718607,0.068245168,-0.009480681
11/25/2025,0.003805274,0.009377212,0.016778518,0.006307956,0.009405836,0.003877627,-0.012589499
11/26/2025,0.002094179,0.004306394,0.015313558,0.017841151,0.006903582,0.017119678,0.002270554
11/28/2025,0.004683796,-0.003083396,0.017682894,0.013408861,0.005458434,0.008415835,0.010020021
12/1/2025,0.015241197,-0.007635849,-0.013287308,-0.010711242,-0.00456556,-6.97E-05,0.006124934
12/2/2025,0.010914833,0.000389648,-0.003366509,0.00669768,0.001852368,-0.002092399,-0.010717659
12/3/2025,-0.007128158,-0.000438164,0.013804065,-0.025040829,0.003462749,0.040769733,0.02097419
12/4/2025,-0.01214148,-0.01388013,0.012719102,0.006509975,0.00073114,0.017437455,-0.005602757
12/5/2025,-0.006840055,-0.002716304,-0.003353392,0.004824844,0.001899395,0.001034038,-0.005121957
12/8/2025,-0.003192434,-0.001535172,0.000539558,0.016267929,-0.003004209,-0.033890139,-0.0048053
12/9/2025,-0.002554953,-0.008233257,-0.04663544,0.002036532,-0.000863028,0.012716746,0.019572354
12/10/2025,0.005772359,0.032906521,0.031945439,-0.02735656,0.006632145,0.014106967,0.010909092
12/11/2025,-0.002690247,0.016800629,0.023443401,0.01025991,0.002327036,-0.010100781,0
12/12/2025,0.000899095,0.007475821,0.003591958,-0.010217785,-0.010752075,0.027008831,-0.006023091
12/15/2025,-0.014984891,0.012241291,0.004709298,-0.007752891,-0.001510899,0.035624033,-0.008920997
12/16/2025,0.001824128,-0.022738928,-0.01396786,0.003306537,-0.002732285,0.030653694,-0.026154947
12/17/2025,-0.010087029,0.004921152,-0.001806443,-0.000566818,-0.011003594,-0.046174563,0.023805445
12/18/2025,0.001287575,-0.009603978,-0.006285992,0.01650847,0.007551263,0.034477561,-0.007409936
12/19/2025,0.005437411,-0.00931309,0.013450302,0.004008425,0.009063506,-0.004489279,0.001287049
12/22/2025,-0.009865949,0.004603469,0.018536602,-0.002057906,0.006229804,0.015648376,0.012511819
12/23/2025,0.005129713,-0.007428153,0.008790202,0.003979984,0.004570492,-0.006486226,0.010749018
12/24/2025,0.005323781,0.00971909,0.0099408,0.002403167,0.003517674,-0.000329524,-0.001674809
12/26/2025,-0.001497281,-0.000721954,-0.003827846,-0.000635217,-0.00010141,-0.021034181,-0.000922606
12/29/2025,0.001316796,-0.000337126,-0.012686378,-0.001250689,-0.003563654,-0.032723727,0.011921726
12/30/2025,-0.00248416,-0.003131636,-0.001019206,0.000780087,-0.001221214,-0.011335005,0.00381647
12/31/2025,-0.004467464,0.000193346,-0.003710436,-0.007918229,-0.007408853,-0.010364614,-0.005372337
1/2/2026,-0.00312648,0.001932858,0.010117308,-0.022083475,0.001832993,-0.025904994,0.019195686
1/5/2026,-0.013837113,-0.014661222,0.026299729,-0.000190231,0.006660207,0.03104528,0.022095367
1/6/2026,-0.018334268,0.002349371,0.006224653,0.011969929,0.005947158,-0.041424096,-0.03438101
1/7/2026,-0.007737497,0.01318431,-0.022772808,0.010365464,-0.003223412,-0.003579979,-0.021148321
1/8/2026,-0.00495521,-0.008386018,0.008563061,-0.011086534,-0.000101527,0.010175898,0.037302829
1/9/2026,0.001273889,-0.006609912,-0.001819342,0.002447162,0.006613383,0.021133599,0.013831208
1/12/2026,0.003392793,0.026077527,-0.014277444,-0.004381591,0.001570433,0.008876164,-0.004654567
1/13/2026,0.003073993,0.018739231,-0.041881126,-0.013642592,-0.001999507,-0.003920125,0.020237032
1/14/2026,-0.004175459,0.022934799,-0.009745949,-0.023987112,-0.004915253,-0.017889087,0.028923575
1/15/2026,-0.006731728,0.004667123,0.004514955,-0.005921037,0.002723298,-0.001434437,-0.008217997
1/16/2026,-0.010379221,-0.004144451,0.010379577,0.007007354,-0.000837905,-0.002439764,0.00588548
1/20/2026,-0.034555587,-0.002057954,-0.031139023,-0.011612142,-0.0203568,-0.041714286,0.004388447
1/21/2026,0.003850847,-0.000916595,-0.002312066,-0.022903313,0.011541109,0.029075736,0.024145331
1/22/2026,0.002826562,0.002201733,0.005264063,0.01582943,0.005223258,0.041535284,0.000224546
1/23/2026,-0.00124827,0.007551796,-0.019464404,0.032827912,0.000362735,-0.000667589,0.009951991
1/26/2026,0.029713035,0.006132495,0.011151476,0.009292883,0.005078232,-0.03086444,-0.000963267
1/27/2026,0.011197599,0.013318871,-0.002425017,0.021901778,0.003984165,-0.009880557,0.014758382
1/28/2026,-0.00708558,0.01461417,0.00153162,0.002184933,-0.000100665,0.0012996,0.005481211
1/29/2026,0.007175131,-0.00188834,0.018785278,-0.099931505,-0.001984377,-0.034533895,0.02129669
1/30/2026,0.004646277,-0.000175941,-0.00172964,-0.007404778,-0.002982484,0.033248526,0.006334044
2/2/2026,0.04058102,0.015401514,0.007355521,-0.01608223,0.004971223,-0.019980962,-0.021216352
2/3/2026,-0.001962796,0.010184236,0.021775845,-0.028721972,-0.008455386,0.000355596,0.038511593
2/4/2026,0.026012866,0.005877249,0.007686202,0.007246927,-0.004843854,-0.037799749,0.026855819
2/5/2026,-0.002097593,0.014159569,-0.022409964,-0.049542462,-0.012489284,-0.021674388,-0.010231005
2/6/2026,0.008009749,0.009251946,0.039463545,0.018975305,0.019184786,0.034994069,0.020331366
2/9/2026,-0.011660484,-0.005625265,-0.000930475,0.031061465,0.004821727,0.0151055,0.014491838
2/10/2026,-0.00342296,-0.00121523,-0.011859775,-0.00079791,-0.002637058,0.018906316,0.002512958
2/11/2026,0.006650118,0.010530741,-0.02343849,-0.021535542,-0.000231122,0.007196439,0.026189084
2/12/2026,-0.049981739,0.015320131,-0.026317336,-0.006256685,-0.01544886,-0.026151685,-0.029767761
2/13/2026,-0.02273345,-0.004498099,-0.00029749,-0.001293985,0.000704499,0.00088713,-0.009871235
2/17/2026,0.031667901,-0.000492914,0.015138027,-0.011113376,0.001613483,-0.016313716,-0.015223895
2/18/2026,0.001781138,0.006822031,0.005372251,0.006904255,0.005037708,0.001680351,0.030713364
2/19/2026,-0.014261551,0.00783699,-0.002364231,-0.000576939,-0.002637344,0.000948128,0.001924679
2/20/2026,0.01535045,-0.017901215,0.008894805,-0.003086844,0.007231849,0.000267217,-0.024441991
2/23/2026,0.006047258,0.013814947,-0.042215006,-0.032122521,-0.010211366,-0.029114712,0.023628491
2/24/2026,0.022391036,0.00711549,-0.001243056,0.011782515,0.007268475,0.023885198,-0.009949664
2/25/2026,0.007679861,-0.004507066,0.020181667,0.029820026,0.008438306,0.019590573,-0.001339858
2/26/2026,-0.004667678,-0.006933956,0.009330746,0.002795818,-0.005554446,-0.021130828,-0.003488634
2/27/2026,-0.032130444,0.020372067,-0.019044261,-0.022353902,-0.004801941,-0.014856275,0.026659598
3/2/2026,0.002044011,0.000523289,-0.009124152,0.014793454,0.000568523,0.002012366,0.01127869
3/3/2026,-0.003664168,-0.007281952,0.009073762,0.013498947,-0.008814251,-0.027000928,-0.015497333
3/4/2026,-0.00466356,-0.005876342,-0.002897406,0.003144153,0.007055356,0.034426547,-0.01323846
3/5/2026,-0.008494547,-0.023114534,-0.019506441,0.013524144,-0.00557567,-0.000960769,0.006274141
3/6/2026,-0.010872596,0.003213212,-0.013864692,-0.004188165,-0.01310713,-0.021748187,0.00298494
3/9/2026,0.00939957,0.009109808,0.001520054,0.001100372,0.008759962,0.004915135,-0.005092305
3/10/2026,0.00365554,0.004616932,-0.004104645,-0.008915215,-0.001607016,0.001404629,-0.015354903
3/11/2026,-7.67E-05,-0.002954387,-0.004190928,-0.002168806,-0.001255135,0.021490876,0.023290257
3/12/2026,-0.019362746,-0.003909677,-0.016103078,-0.007459039,-0.015184966,-0.03141091,0.01286453
3/13/2026,-0.022051876,-0.002148351,0.001944194,-0.01570197,-0.005660136,-0.009645319,0.016869575
3/16/2026,0.01079486,0.006914523,0.009596337,0.011123783,0.010176865,0.011145156,0.007109962
3/17/2026,0.005577048,-0.020889007,0.002551116,-0.001350209,0.002630545,0.009379087,0.010048993
3/18/2026,-0.016874445,-0.003485794,0.002962732,-0.019078101,-0.013953645,-0.016254641,-0.007682146
3/19/2026,-0.003920931,0.001348643,0.000799264,-0.007070177,-0.002464381,-0.03177354,0.003617012
3/20/2026,-0.003896245,-0.009385548,-0.004896186,-0.018379452,-0.014335696,-0.032448059,0.009547274
3/23/2026,0.01411348,0.000212427,0.011690279,0.002959137,0.010499991,0.035031022,0.009143908
3/24/2026,0.000596424,-0.000637147,0.008588891,-0.026788584,-0.003356814,0.005724019,0.026376193
3/25/2026,0.003894443,0.019807002,0.010328429,-0.004560721,0.005572688,0.007623459,-0.012818994
3/26/2026,0.001068833,-0.002875758,-0.012727682,-0.013664318,-0.01785873,-0.035859636,0.013291648
3/27/2026,-0.016173069,0.005057611,-0.030240726,-0.025138749,-0.017051894,-0.027626237,0.033609419
3/30/2026,-0.008721852,0.008484159,0.003288067,0.006138424,-0.003343391,-0.018102391,0.002807163
3/31/2026,0.02903129,0.00804154,0.036614168,0.031229158,0.029067866,0.046357806,-0.010555742
4/1/2026,0.007250135,-0.00130914,0.004147399,-0.00216119,0.007534491,0.025581734,-0.052339948
4/2/2026,0.001134455,-0.004424044,-0.002640681,0.011072869,0.00090046,-0.054215005,-0.000559821
4/6/2026,0.011487876,-0.00851713,0.008017799,-0.001553015,0.004726845,-0.021547988,0.016678039
4/7/2026,-0.020706079,-0.010623678,0.006600097,-0.001582251,0.000440001,-0.017487708,0.003305488
4/8/2026,0.021301736,0.012121973,0.035541312,0.005479579,0.025469637,-0.009808146,-0.046916062
4/9/2026,0.006141348,4.14E-05,0.007663018,-0.003365977,0.005769018,0.006904574,-0.007553438
4/10/2026,-3.83E-05,-0.011810498,-0.001482226,-0.005897033,-0.000661775,0.009634909,-0.016318442
4/13/2026,-0.004913954,-0.002096812,0.012295461,0.036400898,0.009772447,0.009944121,0.000852479
4/14/2026,-0.001427587,0.008993103,-0.008161196,0.022738477,0.012184877,0.033426021,-0.022274613
4/15/2026,0.029362955,-0.005955878,-0.016681645,0.046068534,0.007890969,0.076194396,-0.001541177
4/16/2026,-0.011372634,-0.017304229,0.013140301,0.021983402,0.002457348,-0.007781651,0.019931579
4/17/2026,0.025930212,-0.001534916,0.001096936,0.006020092,0.012085686,0.030136285,-0.036452191
4/20/2026,0.010435475,-0.014903016,0.021592704,-0.011163956,-0.001999735,-0.020268572,0.00846755
4/21/2026,-0.025196704,-0.019636776,-0.012587151,0.01456695,-0.006546893,-0.015490412,0.004604651
4/22/2026,0.026298995,-0.000265253,6.39E-05,0.020652561,0.010126712,0.002820755,0.007683974
4/23/2026,0.000951694,0.02012379,-0.004248833,-0.039660935,-0.003880741,-0.0355862,0.006889632
4/24/2026,-0.008667703,-0.01365706,-0.01094038,0.021334937,0.007749309,0.006903528,-0.010761917
4/27/2026,-0.012727862,-0.009494485,0.010866694,0.00047105,0.001722788,0.006298235,-0.004835155
4/28/2026,0.011584103,0.010872454,-0.000577531,0.010427909,-0.004865992,-0.006998242,0.015992961
4/29/2026,-0.001994706,-0.001931607,-0.007063803,-0.011159034,-0.000154509,-0.008563378,0.027298081
4/30/2026,0.00436766,0.01099632,0.01286987,-0.03929692,0.009949634,0.023685669,-0.002198227
5/1/2026,0.032393518,-0.011572835,-0.002426333,0.016332319,0.002769095,0.024080922,-0.010237822
5/4/2026,-0.011815603,-0.013160781,-0.015425536,-0.001978596,-0.003663392,0.004324248,0.006153894
5/5/2026,0.026550691,0.006021431,0.005688299,-0.005415548,0.008022229,-0.007999833,0.007742852
5/6/2026,0.011717925,-0.004123257,0.017776367,0.006271519,0.0138994,0.024038873,-0.039966431
5/7/2026,-0.000243507,-0.009393694,-0.027405563,0.016450879,-0.003066082,0.032753987,-0.014190628
5/8/2026,0.020456498,-0.005348013,-0.013615362,-0.013427758,0.008256097,0.040214666,-0.013712618
5/11/2026,-0.001262671,0.000496967,-0.006951422,-0.005925992,0.002277563,0.038870068,0.035346174
5/12/2026,0.007243389,0.012780539,0.016266698,-0.011850007,-0.001514953,-0.025955029,0.006346928
5/13/2026,0.013805996,0.027468165,-0.015186259,-0.00627799,0.005594838,0.027269527,0.006240505
5/14/2026,-0.00220833,0.001649211,-0.001132374,0.010414345,0.007894315,-0.004424285,0.007983013
5/15/2026,0.006773816,-0.017721001,-0.007002183,0.03050584,-0.012029344,-0.047507327,0.040658967
5/18/2026,-0.007960612,0.009748111,0.009804966,0.003839631,-0.000703509,-0.029011937,0.016274109
5/19/2026,0.003794,0.004717795,-0.016725981,-0.014449656,-0.006660788,-0.014341825,0.012835675
5/20/2026,0.010970996,-0.002956478,0.021237828,0.008720179,0.010248995,0.032540706,-0.038572772
5/21/2026,0.009065311,0.01050929,0.00337766,-0.002522903,0.001983088,0.001413978,-0.006334819
5/22/2026,0.012557845,0.011263117,0.011155102,-0.001240757,0.003931549,0.019528547,-0.002382608
5/26/2026,-0.001586752,-0.012103036,0.001174954,-0.0060683,0.006638641,0.017792978,-0.032984771
5/27/2026,0.008173125,0.004822316,-0.024320273,-0.008076305,-0.000173242,0.015613804,-0.012749507
5/28/2026,0.005340208,-0.00211851,-0.008520381,0.034700793,0.005516579,0.00395136,-0.006355559
5/29/2026,-0.001439993,-0.023700178,0.008694742,0.054450925,0.002491405,-0.014272783,-0.011567856
6/1/2026,-0.018425944,-0.008077075,-0.009121034,0.022832265,0.002723113,-0.04568715,0.028363008
6/2/2026,0.029022933,-0.002773903,0.014768342,-0.041713697,0.00135794,0.018899647,0.001204932
6/3/2026,-0.015672596,0.001570309,-0.000365363,-0.031655755,-0.007017182,-9.43E-05,0.019858259
6/4/2026,0.003126414,0.022083823,0.033372081,0.001661421,0.003778686,-0.012390842,-0.003212519
6/5/2026,-0.012498842,0.020160434,0.004760512,-0.02658562,-0.025809371,-0.065599263,-0.013943668
6/8/2026,-0.018871568,-0.002620615,-0.004033725,-0.011831961,0.002264173,0.04590796,0.012206523
6/9/2026,-0.03644631,0.020847675,0.005110786,-0.020231182,-0.002935451,-0.030003715,-0.018714968
6/10/2026,0.003544997,0.006286943,-0.011384721,-0.014997195,-0.015765563,-0.03804073,0.011483389
6/11/2026,0.013889905,-0.000670903,0.01407124,-0.017666573,0.016996848,0.046017971,-0.026689611
6/12/2026,-0.01522173,0.010657463,0.02306302,0.001024732,0.005408248,0.018238755,0.002796647
6/15/2026,0.018170606,-0.02162989,-0.00411576,0.023084455,0.01763397,0.011613319,-0.04142573
6/16/2026,0.009513449,-0.002036879,0.036756411,-0.014833958,-0.005961563,-0.01578497,0.006670469
6/17/2026,-0.010994446,-0.004167003,0.007006024,-0.037884324,-0.012487871,-0.020461619,-0.007895073
6/18/2026,0.006960627,-0.024807846,-0.024710574,0.001293157,0.010396992,0.010368801,-0.020818586
6/22/2026,-0.003355592,0.012697552,0.019248534,-0.031787026,-0.00314698,0.011386046,0.004789229
6/23/2026,-0.009124346,0.033680699,0.008024619,0.017967023,-0.014521954,-0.057869407,0.009099404
6/24/2026,-0.004145434,0.008030777,-0.002064955,-0.022677464,-0.000463517,-0.015932462,-0.020253359
6/25/2026,-0.061177813,0.016099605,0.005008142,-0.0345592,0.001445635,-0.0010918,0.004748058
6/26/2026,0.031364729,0.039937923,-0.018112939,0.057081358,-0.007231374,0.012236075,-0.007342855
6/29/2026,-0.007188697,0.015118221,0.001033356,-0.011797179,0.016474862,0.084617223,-0.003515422
6/30/2026,0.027046196,-0.017562216,-0.006254045,0.01207364,0.007786801,0.02127042,0.004850828
